step,sps,episodes,metric/d_mean,metric/d_nonzero,phi/constraint,phi/lambda,phi/obj,phi/violation_rate,sac/actor_loss,sac/alpha,sac/q_loss,sac/reward_mean
6000,51.3,30,1.0,1.0,0.9982500004768372,18.973677649497986,0.0028134903326733625,0.0,-7.272309646129608,0.8640904886126518,16.69205484725535,0.2829331548515379
7000,43.7,35,1.0,1.0,0.9898018052577973,6.980499193191529,0.007578684331267141,0.0,-15.682388533592224,0.6412569834589958,92.76695994377137,0.759526749085635
8000,39.4,40,1.0,1.0,0.9783514561057091,2.568324787735939,0.00974620303910342,0.0001640625,-24.65628422164917,0.485179625838995,190.7405075378418,0.9765588826946914
9000,36.6,45,1.0,1.0,0.9697811866402626,0.946578510761261,0.010794030093646143,0.00116015625,-33.366655096054075,0.3781792483329773,243.606337059021,1.0818953246027232
10000,34.6,50,1.0,1.0,0.9543399634361267,0.3501696176826954,0.011993600586545654,0.00533203125,-43.035159427642824,0.3019425350129604,356.23146015167237,1.2026961325779557
11000,33.1,55,1.0,1.0,0.9180801867842674,0.13224938080459833,0.014626287422841415,0.020203125,-57.10015631866455,0.25330990889668464,631.4025060882568,1.4677211009785534
12000,32.0,60,1.0,1.0,0.8034543406963348,0.0563341027200222,0.022718926692497917,0.05348046875,-79.70168335723876,0.2366606739461422,1525.6122444763184,2.2812530601769687
13000,31.0,65,1.0,1.0,0.6359551428705454,0.0384309943690896,0.029665522180264817,0.08384375,-110.65116355133057,0.2708424054086208,2783.985975097656,2.976616008982062
14000,30.3,70,1.0,1.0,0.6128055331408977,0.04910758429393172,0.03325535356602632,0.0847890625,-153.58085092163086,0.3605598538815975,2940.603004394531,3.3337836928665636
15000,29.6,75,1.0,1.0,0.6587958205491304,0.050347277030348775,0.029938965764595194,0.0756484375,-191.7551332550049,0.4354078073501587,2345.442562927246,3.001021310597658
16000,29.1,80,1.0,1.0,0.6399003647565842,0.0439123358130455,0.029876522992737593,0.079296875,-228.24490744018556,0.49071890050172806,2549.3817737426757,2.9959386628419162
17000,28.7,85,1.0,1.0,0.6390272682234645,0.04359004712477326,0.029022272192756646,0.079828125,-267.12824447631834,0.5580355167984963,2478.8139926757813,2.910404268324375
18000,28.4,90,1.0,1.0,0.6341960400342941,0.046095326017588374,0.030412599946721457,0.07951953125,-302.2328142089844,0.5984143995642662,2462.6594744262698,3.049231168523431
19000,28.0,95,1.0,1.0,0.6438320724889636,0.046078510463237764,0.029294797106063926,0.0779296875,-342.3047706298828,0.6310401911735535,2462.153135131836,2.937647322639823
20000,27.7,100,1.0,1.0,0.652633301883936,0.043203355081379416,0.029042975821997972,0.0757265625,-373.6398650207519,0.6241185936927796,2404.3767299194337,2.9146341613531113
21000,27.5,105,1.0,1.0,0.6249014512002468,0.04639157892018557,0.03154882863059174,0.0779921875,-408.2099418334961,0.6813442672491073,2582.7228960571288,3.164907894939184
22000,27.2,110,1.0,1.0,0.6621931664645672,0.04565312335640192,0.028503592548542657,0.073203125,-442.9679475708008,0.7114852270483971,2393.5833447875975,2.8606270312964917
23000,27.0,115,1.0,1.0,0.6333693701028824,0.04477474761754274,0.030820061932550744,0.07249609375,-473.292707824707,0.7428218874931335,2487.7932930908205,3.0918178062736987
24000,26.8,120,1.0,1.0,0.6389691015183926,0.04797787299379706,0.030210736094391906,0.07269921875,-504.4257492675781,0.7962146899104119,2544.356693603516,3.029665512651205
25000,26.7,125,1.0,1.0,0.6527326114326716,0.04710663994401693,0.030429679174674675,0.07055078125,-544.0075654602051,0.808191529750824,2593.88644128418,3.05204368019104
26000,26.5,130,1.0,1.0,0.6335201379582286,0.046157317332923414,0.03190122552483808,0.074,-578.7216595458984,0.8267697709202766,3012.7051165771486,3.199898423820734
27000,26.4,135,1.0,1.0,0.6471478185504675,0.04574827239662409,0.03135232102579903,0.07067578125,-605.25751953125,0.8535791280865669,3101.4992896118165,3.145760606333613
28000,26.3,140,1.0,1.0,0.6501296640187502,0.04824471288174391,0.030638829203438946,0.06937109375,-630.7973035888672,0.8481515995264053,3374.254246582031,3.073824714049697
29000,26.1,145,1.0,1.0,0.6342554286420345,0.04551129456236958,0.03262160169077106,0.072453125,-659.4877520141602,0.8840937629342079,3668.3809682006836,3.272681981921196
30000,26.0,150,1.0,1.0,0.6481136128753424,0.04705911898612976,0.03134299985441612,0.07069140625,-688.1810548706055,0.9177150552272797,3839.324911682129,3.145090539045632
31000,25.9,155,1.0,1.0,0.6644371283650399,0.0447130979411304,0.02803363327193074,0.066765625,-731.2404812011719,0.9624579883813859,4430.12089074707,2.816028404660523
32000,25.8,160,1.0,1.0,0.6437395203709603,0.03787356012687087,0.02770690471061971,0.07234375,-789.4510486450196,1.0447856433391571,5119.926627441406,2.7830133120417595
33000,25.7,165,1.0,1.0,0.619301496759057,0.03887641877681017,0.027714967754203824,0.07662109375,-858.742787109375,1.1364442301988602,5616.564744384766,2.7846515211313965
34000,25.6,170,1.0,1.0,0.6009222236350179,0.04451568815112114,0.03201194171153474,0.08181640625,-942.4324247436523,1.2316958005428313,6685.412099243164,3.214708672463894
35000,25.6,175,1.0,1.0,0.6352664777338505,0.04661228883266449,0.030017434624722228,0.07784765625,-1024.9011699829102,1.2419239999055862,5815.033134765625,3.0149777268618347
36000,25.5,180,1.0,1.0,0.6325523267537355,0.04361039437353611,0.029947227418539113,0.07857421875,-1101.7376770019532,1.2719459666013717,5024.514119873047,3.009315883025527
37000,25.4,185,1.0,1.0,0.6164197768270969,0.04212604846432805,0.029249475517543033,0.08278515625,-1160.9872690429688,1.2793371841907502,4261.905873413086,2.939900969937444
38000,25.3,190,1.0,1.0,0.5958839015886187,0.044063402190804485,0.032583856516401284,0.08909375,-1221.9132486572266,1.2925836644172668,3676.31755078125,3.2738419709652664
39000,25.3,195,1.0,1.0,0.6036578607484698,0.049695545151829716,0.03284743821946904,0.08819921875,-1268.6648095703124,1.2113471609354018,3196.01385559082,3.2988948288261892
40000,25.2,200,1.0,1.0,0.591180442109704,0.05225187741219997,0.03744042751495726,0.0934140625,-1321.441978881836,1.1352858828306198,3137.6553843994143,3.7579757408201693
41000,25.2,205,1.0,1.0,0.6007244197279215,0.05548896215483546,0.037566997345304116,0.09148046875,-1370.7009675292968,1.0507196286916733,2998.02331640625,3.7711714213788508
42000,25.1,210,1.0,1.0,0.6259805423021316,0.052384731989353894,0.03487610992079135,0.08828515625,-1384.5628182373048,0.9814438465833664,2914.4443493652343,3.5023357761502267
43000,25.1,215,1.0,1.0,0.5791351431235671,0.0528515338934958,0.03811594468448311,0.09766796875,-1399.0429624023438,0.9452530261278153,3131.2776036376954,3.8273367567956447
44000,25.0,220,1.0,1.0,0.591005611628294,0.0587809675373137,0.04023222424532287,0.096578125,-1403.1717995605468,0.9223779335021972,3083.268029296875,4.0384166306853295
45000,25.0,225,1.0,1.0,0.6041698591262102,0.0554252925850451,0.03793782169208862,0.095234375,-1407.8716870117187,0.9119521514773369,2954.1298775634764,3.8096140134334564
46000,24.9,230,1.0,1.0,0.5766067213043571,0.0564594636708498,0.04239896276267245,0.101046875,-1411.4169826660157,0.9079824501872062,3085.5320915527345,4.256639500200748
47000,24.9,235,1.0,1.0,0.588653926089406,0.061046191196888686,0.04372308433684521,0.09853125,-1396.570163696289,0.9049491916298866,2853.964709350586,4.389769406437874
48000,24.8,240,1.0,1.0,0.5965811975151301,0.06186174013838172,0.04292466337117366,0.09781640625,-1377.2958651123047,0.8922290697693824,2722.240156616211,4.309544744104147
49000,24.8,245,1.0,1.0,0.5881299560815096,0.058834010146558285,0.043900184583384544,0.09790234375,-1365.2197393798829,0.8679766256809235,2711.833319091797,4.407214043438435
50000,24.8,250,1.0,1.0,0.5882378342151642,0.0627471574805677,0.044977968331659214,0.09673046875,-1344.102854614258,0.8468178979754448,2640.254760131836,4.516465322375297
51000,24.7,255,1.0,1.0,0.5988529928922653,0.062284592658281325,0.043316146980505434,0.095546875,-1326.545069458008,0.856666421353817,2613.201614501953,4.3495955118238925
52000,24.7,260,1.0,1.0,0.5820214809477329,0.06809590005502104,0.048647230919916185,0.09787109375,-1320.0638684082032,0.8864991446137428,2636.114509033203,4.882410286426544
53000,24.7,265,1.0,1.0,0.59912517850101,0.06856871142983437,0.048758531911298635,0.0951796875,-1305.4573151855468,0.917078469991684,2526.2025069580077,4.894522480219603
54000,24.6,270,1.0,1.0,0.5943118252307177,0.07191636025160551,0.05078869774681516,0.09355078125,-1298.9541326904298,0.9153494295477868,2503.431810180664,5.097844707608223
55000,24.6,275,1.0,1.0,0.5917048568278551,0.07254404819011688,0.05175044256052934,0.09319921875,-1285.4617055664062,0.9088257263898849,2575.1958076171877,5.194084321737289
56000,24.6,280,1.0,1.0,0.606318736642599,0.07714677675813436,0.0519681812596973,0.08931640625,-1282.0233764648438,0.9309504126906395,2608.664189941406,5.214858785688877
57000,24.6,285,1.0,1.0,0.5955701914131641,0.07501989747583866,0.05333841646881774,0.093171875,-1283.29937109375,0.9536363208889961,2723.3310234375,5.353382692724466
58000,24.5,290,1.0,1.0,0.5965272302627563,0.08289850479364395,0.056292675090022386,0.09101171875,-1291.9072490234375,0.9612208295464516,2734.6113413085936,5.647954049468041
59000,24.5,295,1.0,1.0,0.6065632817000151,0.07962172817438841,0.055054257216863335,0.08725390625,-1288.355219482422,0.9790850341916084,2723.10933581543,5.52522885543108
60000,24.5,300,1.0,1.0,0.6126924963295459,0.08434209778159857,0.05702013160195202,0.08756640625,-1293.2550205078126,1.0144152871370316,2819.8954263916016,5.72250365588069
61000,24.5,305,1.0,1.0,0.6031117462217808,0.08250293384492398,0.056789439936866984,0.08935546875,-1286.5128149414063,1.0026164709329606,2872.6819869384767,5.699200754418969
62000,24.4,310,1.0,1.0,0.601440876737237,0.08446452632546425,0.058553004862740635,0.08971484375,-1296.462460571289,1.0327203872203827,2940.0709716796873,5.876378014624119
63000,24.4,315,1.0,1.0,0.5994118724018336,0.08708635500073433,0.06051828905171715,0.08812109375,-1310.009417602539,1.0605875853300095,3066.7065599365233,6.074545138716697
64000,24.4,320,1.0,1.0,0.6040718184262515,0.10124730345606804,0.06725159104168416,0.087359375,-1350.6654389648438,1.1241201907396317,3305.8210428466796,6.747711242437362
65000,24.4,325,1.0,1.0,0.6079557867944241,0.1005586404427886,0.06829672030173242,0.08654296875,-1367.7852978515625,1.1760266705751419,3424.189292114258,6.853455444931984
66000,24.4,330,1.0,1.0,0.6146558231115341,0.10476939192414284,0.06897564714914188,0.0852421875,-1385.5943544921874,1.2062963750362397,3537.258198730469,6.920499508082867
67000,24.3,335,1.0,1.0,0.6129062807410955,0.10361094611138105,0.06959734028298407,0.08547265625,-1405.8508497314454,1.2487881639003753,3652.4443447265626,6.983020525574684
68000,24.3,340,1.0,1.0,0.6135912138968707,0.10365273407101631,0.06945100744627417,0.08426953125,-1419.2042348632813,1.2786461766958237,3727.9823876953124,6.970030964255333
69000,24.3,345,1.0,1.0,0.6108197638690471,0.10821113728731871,0.07320148566178977,0.08459375,-1458.3239510498047,1.3303904002904892,3826.289914794922,7.344440968871116
70000,24.3,350,1.0,1.0,0.6055504815131426,0.1133804347962141,0.07664075933769346,0.08579296875,-1501.4694222412109,1.3539550743103028,4049.2686630859375,7.688161481022835
71000,24.3,355,1.0,1.0,0.6160029692649841,0.11930540399998427,0.0782036705892533,0.08448828125,-1532.2257368164062,1.3516262421607972,3875.7717520751953,7.843052339315414
72000,24.3,360,1.0,1.0,0.616417313233018,0.12104072991758585,0.08059192523732782,0.08330859375,-1560.9622540283203,1.3426260212659835,3882.0106811523438,8.082373441934585
73000,24.2,365,1.0,1.0,0.6184379084706306,0.12151601397246123,0.07992986790835857,0.08395703125,-1575.2125616455078,1.331817635536194,3945.766329223633,8.017527772545815
74000,24.2,370,1.0,1.0,0.6167811152487993,0.12027988073974848,0.08087627687957138,0.08318359375,-1599.188782348633,1.3254265574216844,3902.4410861816405,8.11338376379013
75000,24.2,375,1.0,1.0,0.6213651287257671,0.1242538412436843,0.0816818662174046,0.08276953125,-1638.6540557861329,1.3105186096429824,3819.2103032226564,8.193587148189545
76000,24.2,380,1.0,1.0,0.6136954149007797,0.1267447890266776,0.08557891734875739,0.08419140625,-1681.0663408203125,1.3320324996709823,3939.7484197998047,8.58492192864418
77000,24.2,385,1.0,1.0,0.6149494005292654,0.12862096381187438,0.08627788514457643,0.08441015625,-1719.6145378417968,1.342038576245308,4024.7064344482424,8.654029091358185
78000,24.2,390,1.0,1.0,0.6217746698260307,0.13001370660960673,0.0863518536761403,0.083359375,-1740.180490600586,1.3387135890722275,3906.018717895508,8.662040493488313
79000,24.2,395,1.0,1.0,0.6152782706618309,0.12995916017889977,0.08755336311273276,0.08507421875,-1772.6784466552735,1.3445664262771606,4016.1040706787107,8.781882919073105
80000,24.1,400,1.0,1.0,0.6218831148147583,0.13245092679560183,0.08726188116706908,0.083703125,-1804.8535443115234,1.3649254474639894,4078.223279785156,8.751934597730637
81000,24.1,405,1.0,1.0,0.6184664059877396,0.1335760509222746,0.08701375358738005,0.08542578125,-1845.112109375,1.3855745404958726,4064.24158190918,8.726831503152848
82000,24.1,410,1.0,1.0,0.6185711918473243,0.13471014370024204,0.08915581881627441,0.0851796875,-1885.942884399414,1.365455722808838,4164.399205200195,8.942821123361588
83000,24.1,415,1.0,1.0,0.6177723021805286,0.13601685333251953,0.09098805123195051,0.086234375,-1926.7609567871093,1.351311647772789,4232.771518554688,9.126118690133096
84000,24.1,420,1.0,1.0,0.6184523721188306,0.13686485521495342,0.09194126895070076,0.087453125,-1962.630271118164,1.3509328095912934,4396.73369140625,9.221987481117248
85000,24.1,425,1.0,1.0,0.6108962299376726,0.13983649533987044,0.09487171613797546,0.0883828125,-1997.344995361328,1.361146451473236,4686.507796386719,9.516697541952134
86000,24.1,430,1.0,1.0,0.6222482153177261,0.14014002925157548,0.09326267771050334,0.0883828125,-2013.3703908691407,1.3464695228338242,4714.293466308593,9.356390818595886
87000,24.1,435,1.0,1.0,0.6128296920508146,0.1383205724954605,0.09374932909756899,0.09027734375,-2038.3823310546875,1.344036940217018,4683.364608886719,9.405238313913346
88000,24.0,440,1.0,1.0,0.6115960778146983,0.14072246250510215,0.09422608500719071,0.09219140625,-2036.9151492919923,1.3009924260377883,4626.995602172851,9.452791428089142
89000,24.0,445,1.0,1.0,0.6133515397459268,0.14260371297597885,0.09629332112893463,0.0928203125,-2085.7505916748046,1.2931451817750932,4608.616919677735,9.658354494571686
90000,24.0,450,1.0,1.0,0.6115968258976936,0.14792617544531822,0.09799752932973206,0.09454296875,-2139.725897949219,1.2916973257064819,4587.463380615234,9.828602487564087
91000,24.0,455,1.0,1.0,0.6140958900451661,0.14414119188487529,0.09825441232323646,0.0949375,-2156.806633666992,1.285203756928444,4591.335451904297,9.856208124876023
92000,24.0,460,1.0,1.0,0.610825368642807,0.14772881865501403,0.09960395672544838,0.09691015625,-2169.466596923828,1.2810450800657271,4481.66980444336,9.989533899784089
93000,23.9,465,1.0,1.0,0.6065441553890705,0.14531927271187306,0.10203875459730626,0.096625,-2205.3630450439455,1.2967991552352904,4514.458421264649,10.23354810333252
94000,23.8,470,1.0,1.0,0.6113778901398181,0.14816133251786232,0.10265025326237083,0.09726171875,-2224.264694091797,1.2960407407283783,4429.4094606933595,10.294685547351838
95000,23.7,475,1.0,1.0,0.6079440503716469,0.14945976793766022,0.10288796452060342,0.09878125,-2232.159353027344,1.2709921357631684,4383.348125244141,10.319109075069427
96000,23.7,480,1.0,1.0,0.6102476621568202,0.1519102940261364,0.1027041471414268,0.0979609375,-2227.7271451416013,1.2598444783687592,4402.006618408203,10.302488886356354
97000,23.6,485,1.0,1.0,0.6085825913250447,0.15252291382849217,0.10371976647526025,0.099203125,-2245.397233154297,1.2423438321352005,4334.89871862793,10.403118691682815
98000,23.6,490,1.0,1.0,0.6073839010298252,0.15187984830141069,0.10497911385074257,0.09973828125,-2247.4356665039063,1.2087732502222062,4192.915108154297,10.53085908985138
99000,23.5,495,1.0,1.0,0.6048251624107361,0.15500533248484136,0.10608704985305667,0.10250390625,-2272.8529830322263,1.180555440545082,4168.644892333984,10.640142418384553
100000,23.4,500,1.0,1.0,0.6047010087668896,0.1587160583436489,0.10958876577019691,0.103375,-2317.737699951172,1.166009381532669,4195.028616088867,10.991023948192597
101000,23.3,505,1.0,1.0,0.5976444472670555,0.1612373680025339,0.11327884340658784,0.1056796875,-2356.0830645751953,1.174720221877098,4131.225191772461,11.359139907836914
102000,23.2,510,1.0,1.0,0.6046179587841034,0.1625333144515753,0.11264202126488089,0.10538671875,-2349.3169947509764,1.149304601430893,4011.105432006836,11.298016666889191
103000,23.2,515,1.0,1.0,0.6084188540279866,0.16267596603929996,0.11288857096806168,0.10471875,-2338.009899902344,1.1248630706071854,3957.9044666748046,11.320708323001861
104000,23.1,520,1.0,1.0,0.5978254531621933,0.16385190178453923,0.11494454046711326,0.10709375,-2358.8805900878906,1.0878187552690506,3899.9419468994142,11.52821478509903
105000,23.0,525,1.0,1.0,0.6012649292945862,0.1627224692851305,0.11583323119208216,0.106890625,-2358.752806152344,1.0654232149124145,3813.8883532714844,11.61757592535019
106000,23.0,530,1.0,1.0,0.5969388557076454,0.17172821073234082,0.11858335204795004,0.10918359375,-2389.1707987060545,1.0577291815280914,3825.101330810547,11.890890164375305
107000,22.9,535,1.0,1.0,0.6016642102897167,0.17403088580071926,0.11969593468680978,0.109578125,-2412.5749619140624,1.0265077699422835,3750.459829223633,12.00214330291748
108000,22.8,540,1.0,1.0,0.5987928948104382,0.16996604835987092,0.1192179269939661,0.1089296875,-2379.8226774902346,1.0147955860495568,3567.20897668457,11.954380872726441
109000,22.8,545,1.0,1.0,0.5965987088680267,0.17027459514141083,0.1203751238361001,0.11044921875,-2393.4724599609376,0.9985987718701362,3587.015001586914,12.072700326919556
110000,22.7,550,1.0,1.0,0.597195439055562,0.17098310336470604,0.12001783008873462,0.110265625,-2389.7957159423827,0.9965799160003662,3524.4914825439455,12.035606484889984
111000,22.7,555,1.0,1.0,0.6022282066941261,0.17259241357445718,0.12119200327247381,0.10979296875,-2394.6776322021483,1.0110112699270248,3454.67503125,12.1531963429451
112000,22.6,560,1.0,1.0,0.5936444726586342,0.17325853165984154,0.12260561001673341,0.11291015625,-2381.23124609375,0.9763803216218948,3419.4806829833983,12.295145099639893
113000,22.6,565,1.0,1.0,0.5951933563351631,0.17403400366008281,0.12354222440719605,0.11280078125,-2372.485129272461,0.9720089471936226,3371.4946595458982,12.389890038013458
114000,22.6,570,1.0,1.0,0.5969025704860688,0.17367198522388935,0.12237084553390741,0.1119375,-2368.757307006836,0.9535611019730568,3324.6953479003905,12.272879006385804
115000,22.6,575,1.0,1.0,0.5957237567007542,0.17875563691556454,0.12344416879862546,0.1124765625,-2370.7701520996093,0.9521294285655022,3266.207814086914,12.379994858264924
116000,22.6,580,1.0,1.0,0.5970515240132809,0.1731788523644209,0.12398326393589378,0.11371484375,-2362.4795404052734,0.9514999014735221,3168.9054151611326,12.435400863170624
117000,22.6,585,1.0,1.0,0.5951878930032253,0.17624854286015035,0.12584503618627788,0.11409375,-2350.4706586914062,0.9333949483036995,3163.3498103027346,12.619471828937531
118000,22.6,590,1.0,1.0,0.5884908300042152,0.17506014288961888,0.12561834300681948,0.1157890625,-2336.401905517578,0.9449018948078155,3127.8635388183593,12.598837332725525
119000,22.6,595,1.0,1.0,0.5941816471517086,0.17848068271577358,0.1262237018942833,0.1150546875,-2330.6632099609374,0.9082985639572143,3204.9129622802734,12.658728302001952
120000,22.6,600,1.0,1.0,0.5927952966094017,0.1765444360524416,0.12566223789379,0.11582421875,-2316.321957641602,0.9251187874674797,3098.4256435546877,12.601870893478393
121000,22.6,605,1.0,1.0,0.5923497987985611,0.17879390838742257,0.12685065456852318,0.11602734375,-2301.5254064941405,0.9149751524925231,3143.174800415039,12.722111893653869
122000,22.6,610,1.0,1.0,0.5916470955610276,0.17993876227736474,0.1273794511593878,0.1166640625,-2292.3819814453127,0.8937412855625153,3188.252275390625,12.775197940349578
123000,22.6,615,1.0,1.0,0.5920671206712723,0.17769429242610932,0.12742806062847375,0.11563671875,-2263.2784389648436,0.9036520566344262,3179.230998413086,12.779459192752839
124000,22.6,620,1.0,1.0,0.5905850306153297,0.17669247734546661,0.12750692851096393,0.11646484375,-2248.9412391357423,0.9024506373405456,3177.5654940185545,12.788751595497132
125000,22.6,625,1.0,1.0,0.5881534723341465,0.17891460955142974,0.12693660335242749,0.11771484375,-2241.4453248291015,0.9004736198782921,3244.719384643555,12.730897873401641
126000,22.6,630,1.0,1.0,0.5878098221719265,0.17791271138191223,0.1280250708013773,0.11758984375,-2230.079119506836,0.8836843738555908,3232.5384974365234,12.840960027217864
127000,22.6,635,1.0,1.0,0.5915739023685456,0.1785988517254591,0.1286087185256183,0.11775,-2231.9416516113283,0.9204182152152062,3280.791734375,12.899886751651763
128000,22.6,640,1.0,1.0,0.5852444740235806,0.1811764595210552,0.13075934476405382,0.1205703125,-2226.5132265625,0.9080229526162148,3362.2174106445314,13.114849759101867
129000,22.6,645,1.0,1.0,0.5883901489973068,0.1825369967073202,0.1303812646046281,0.11990234375,-2206.207177368164,0.881774453997612,3318.936042602539,13.077870928764343
130000,22.6,650,1.0,1.0,0.5929564843475819,0.17946688868105412,0.12905982659757137,0.11827734375,-2186.199422729492,0.8730359246730804,3366.357241333008,12.945981734275819
131000,22.6,655,1.0,1.0,0.5860743170976639,0.17908259642124175,0.13060434789955616,0.119203125,-2167.4019091796877,0.8873562893867493,3380.243121459961,13.099393342494965
132000,22.6,660,1.0,1.0,0.5857513481676578,0.18340186227858066,0.13193844000995159,0.1205546875,-2161.7660279541014,0.8984039602279663,3499.80499206543,13.234180850028991
133000,22.5,665,1.0,1.0,0.5845056382119656,0.18487542670965196,0.13175862430036067,0.1219375,-2158.581530151367,0.8916908602118492,3593.775254638672,13.215620874881745
134000,22.5,670,1.0,1.0,0.58358480027318,0.17965835326910018,0.13192256581038236,0.12063671875,-2139.689634765625,0.8896661360859871,3593.3045993652345,13.233719581604005
135000,22.4,675,1.0,1.0,0.5890526526868344,0.18270987921953202,0.13159455614537,0.1199375,-2115.2620845947267,0.8867367826104164,3640.8988106689453,13.200516028404236
136000,22.4,680,1.0,1.0,0.5847567830085755,0.18282216249406338,0.13272607984393836,0.12181640625,-2120.9116595458986,0.8622161337137222,3713.5589826660157,13.313377405166626
137000,22.3,685,1.0,1.0,0.5833727359175682,0.185232893884182,0.1351147274672985,0.12148828125,-2125.7442611083984,0.8687161514759064,3689.5474744873045,13.552700113773346
138000,22.3,690,1.0,1.0,0.5848644002079963,0.18364921960234643,0.1344414381533861,0.121375,-2108.9446389160157,0.8509400877356529,3799.228109008789,13.486321576595307
139000,22.2,695,1.0,1.0,0.5841545296907424,0.18487143337726594,0.13544752668589355,0.1217265625,-2096.8444718017577,0.8480776428580284,3782.537248168945,13.586895698070526
140000,22.2,700,1.0,1.0,0.5854678975939751,0.18523370684683324,0.13397430825978518,0.1217109375,-2083.072704589844,0.8628042411804199,3744.7837821044923,13.44052117729187
141000,22.2,705,1.0,1.0,0.5805283585190772,0.18778829950094222,0.13555342619121075,0.12298046875,-2067.6142097167967,0.8719829248785973,3826.626515625,13.600409038066864
142000,22.2,710,1.0,1.0,0.5823497892022133,0.18581874060630799,0.13570556415989996,0.1228828125,-2065.5621447753906,0.8562996141910553,3869.5222600097654,13.614442574501037
143000,22.2,715,1.0,1.0,0.586080777823925,0.1850611027032137,0.1352960481569171,0.12292578125,-2070.0335856933593,0.8465880724191666,3884.0966358642577,13.573377650260925
144000,22.2,720,1.0,1.0,0.5753293427824974,0.18773497231304645,0.13801577199995518,0.124609375,-2062.019360961914,0.8643663831353188,3908.4174749755857,13.843553596496582
145000,22.2,725,1.0,1.0,0.5873735521733761,0.18930733163654803,0.13655266079306602,0.12196484375,-2046.520607421875,0.8721591320037841,3983.6929190673827,13.699324089050293
146000,22.2,730,1.0,1.0,0.5859013063907623,0.18986822378635407,0.13725477515906095,0.12229296875,-2046.5270927734375,0.8737520366311073,3979.787959350586,13.770072291851044
147000,22.2,735,1.0,1.0,0.5838021703660489,0.18783603416383265,0.1381005766391754,0.12251171875,-2045.7926899414063,0.8641820557117462,3992.250758178711,13.854433563709259
148000,22.2,740,1.0,1.0,0.5779856893122196,0.18893121139705182,0.13941031751036645,0.12462109375,-2045.5289036865233,0.8694740453958512,4018.980187255859,13.983804768562317
149000,22.3,745,1.0,1.0,0.5853403364121914,0.19197094367444514,0.13961421383172273,0.124125,-2050.7618658447263,0.8758699262738228,4030.1756044921876,14.006649898052215
150000,22.3,750,1.0,1.0,0.5795277721881866,0.18814343075454235,0.14029120198637246,0.12416015625,-2056.481179931641,0.8937068598866462,4043.551297241211,14.073500217437743
151000,22.3,755,1.0,1.0,0.5784260886609555,0.19566552579402924,0.14175088051706553,0.12550390625,-2063.326523193359,0.8873786636590958,3943.1971324462893,14.221115644931793
152000,22.3,760,1.0,1.0,0.5797599109113216,0.19696548737585545,0.1435429568067193,0.12585546875,-2079.453253540039,0.8621636312603951,4157.443038818359,14.40023717546463
153000,22.3,765,1.0,1.0,0.5766077712774277,0.1937371593862772,0.14370099832862615,0.1263671875,-2079.1398078613283,0.8633878572583199,4109.451927612305,14.418062588691711
154000,22.3,770,1.0,1.0,0.5769445154070855,0.19490852546691895,0.14511882841587068,0.1264140625,-2078.154973876953,0.8826632288098335,4242.812118774414,14.559756093978882
155000,22.3,775,1.0,1.0,0.5764029841125011,0.1997204753905535,0.14611319395154715,0.1276328125,-2083.284907836914,0.8847725048065186,4212.43218762207,14.660134016036988
156000,22.3,780,1.0,1.0,0.574057579100132,0.19905482268333435,0.14710131312906743,0.127546875,-2088.0007081298827,0.8830512289404869,4217.494227539062,14.759234782218932
157000,22.3,785,1.0,1.0,0.5718781988918781,0.200608633056283,0.14874972308427095,0.12909375,-2089.9421776123045,0.8783616292476654,4204.74703100586,14.923589267730712
158000,22.3,790,1.0,1.0,0.5769166854321957,0.20356323552131653,0.15048231363296508,0.12994140625,-2110.4269770507813,0.8850628370642663,4184.667409057617,15.096920626640319
159000,22.3,795,1.0,1.0,0.5695311234891415,0.20546039824187756,0.15229686313122512,0.1312265625,-2105.674322998047,0.8826952173709869,4240.505356811524,15.278781084060668
160000,22.3,800,1.0,1.0,0.5733994684517384,0.2029044930189848,0.15226701839640736,0.1299765625,-2088.299762939453,0.8754122883677483,4218.313863769531,15.278402847290039
161000,22.3,805,1.0,1.0,0.5709328847825528,0.20635379540920257,0.15279695869237184,0.131328125,-2077.5048713378906,0.8817761128544808,4284.33973034668,15.327729763507843
162000,22.3,810,1.0,1.0,0.5703528670072555,0.2075928402096033,0.1535030187368393,0.1321015625,-2085.8877806396486,0.8492451537847518,4259.598366333008,15.403894814491272
163000,22.3,815,1.0,1.0,0.5660797994732857,0.2116688616424799,0.15699653939902783,0.13451953125,-2098.1135744628905,0.8362030295133591,4298.550661010742,15.75373025226593
164000,22.3,820,1.0,1.0,0.5675329638123512,0.2122238979637623,0.15744178588688373,0.1345546875,-2078.52423828125,0.8303910716176033,4314.51083984375,15.798379957199097
165000,22.3,825,1.0,1.0,0.568660578995943,0.21075178323686122,0.15823642659187317,0.1335234375,-2082.6066229248045,0.8230547852516175,4447.746280517578,15.876045470237733
166000,22.3,830,1.0,1.0,0.5643757722377777,0.2141079179495573,0.16017953108996152,0.13597265625,-2077.314952270508,0.8158700153827667,4397.678576904297,16.07225682735443
167000,22.3,835,1.0,1.0,0.5637137179672718,0.2160146315097809,0.16211519340425729,0.1356171875,-2083.223,0.8319304330945015,4484.753614013672,16.264948252677918
168000,22.3,840,1.0,1.0,0.5664672000110149,0.21368202221393584,0.16145085256546735,0.13607421875,-2079.5425192871094,0.8445414152145386,4458.570151123047,16.199748121261596
169000,22.3,845,1.0,1.0,0.5612422683537006,0.21805295468866825,0.16301385103911162,0.13687109375,-2074.4816072998046,0.8634523496627807,4496.374219482422,16.35862139701843
170000,22.3,850,1.0,1.0,0.5622255883514881,0.2151069851219654,0.16363700093328953,0.1367734375,-2071.6757907714846,0.8640549278855324,4466.876863769531,16.421923521995545
171000,22.3,855,1.0,1.0,0.5604441334307194,0.21688309274613857,0.16477199752628804,0.13766796875,-2062.3196766357423,0.8689132951498032,4449.152003417968,16.532920748710634
172000,22.3,860,1.0,1.0,0.5595202987194061,0.21918731911480427,0.16475742219388484,0.1378828125,-2050.2021599121094,0.8676499316692352,4515.90824194336,16.53243292427063
173000,22.3,865,1.0,1.0,0.5548885742425919,0.22099139541387558,0.1691849947720766,0.1404296875,-2065.728110961914,0.8457158525586128,4636.274088134765,16.97432029724121
174000,22.3,870,1.0,1.0,0.5597093293666839,0.2223858172595501,0.16849082712084054,0.140109375,-2069.0293923339846,0.8333227820396424,4614.006496826172,16.904494462013243
175000,22.4,875,1.0,1.0,0.555078227609396,0.22550296533107758,0.17046932322531938,0.14021484375,-2068.4601951904297,0.8480116958618165,4684.053542480468,17.10534335231781
176000,22.4,880,1.0,1.0,0.556755159407854,0.22378027974069117,0.17101154951751232,0.14135546875,-2079.636837036133,0.8439321367740631,4588.6799041748045,17.158852827072142
177000,22.4,885,1.0,1.0,0.5556567599475384,0.22405484141409396,0.17249172052741052,0.1417109375,-2072.749536376953,0.8603284623026848,4646.280041992188,17.307519607543945
178000,22.4,890,1.0,1.0,0.5545836322307587,0.2290333992689848,0.1740799814388156,0.14170703125,-2070.019322265625,0.8568467995524407,4808.414822265625,17.46919466781616
179000,22.4,895,1.0,1.0,0.5497962444126606,0.22890726633369923,0.17695155908167362,0.1446171875,-2079.2997708740236,0.8431839849948883,4763.306532226563,17.7534568567276
180000,22.4,900,1.0,1.0,0.5546854830086231,0.22812852478027343,0.17612233853340148,0.142453125,-2070.25955078125,0.8471063522100448,4771.9448076171875,17.66968577671051
181000,22.4,905,1.0,1.0,0.5510207569301129,0.23169295611977578,0.17717136850208043,0.1437265625,-2079.8112587890623,0.8276281819939614,4851.198392578125,17.773697805404662
182000,22.4,910,1.0,1.0,0.550971732288599,0.2322803345322609,0.17891707057505846,0.14428125,-2082.7162200927733,0.8473886241316795,4941.192763183593,17.9528143863678
183000,22.4,915,1.0,1.0,0.5498885897994041,0.23288464340567588,0.1811820905432105,0.14520703125,-2087.6058935546876,0.8470537446141243,4988.623493408203,18.177104232788086
184000,22.4,920,1.0,1.0,0.5567885078787803,0.23096144796907903,0.1787332791388035,0.1428828125,-2059.632279296875,0.8294702680110931,4983.9237277832035,17.93440094089508
185000,22.4,925,1.0,1.0,0.5478783440887928,0.2373495134562254,0.18155736726522445,0.14500390625,-2065.6061088867186,0.8437214673161507,4960.645143432617,18.215324310302734
186000,22.4,930,1.0,1.0,0.5546644179522991,0.2373424550741911,0.18183492857962846,0.14426171875,-2076.83205847168,0.8352733379602433,5133.074857666015,18.243478448867798
187000,22.4,935,1.0,1.0,0.5491347785890103,0.23554386542737485,0.18302754816412925,0.1458046875,-2085.015952270508,0.8249352567195892,4911.645466552734,18.36492583656311
188000,22.4,940,1.0,1.0,0.5520976920127869,0.23714749394357204,0.184118680216372,0.14562109375,-2090.3376497802733,0.8268437461256981,5129.123999267578,18.469134362220764
189000,22.4,945,1.0,1.0,0.5523190634250641,0.23996314531564714,0.1857150059044361,0.1463515625,-2093.250915283203,0.8215932048559189,5110.007079833985,18.63142063617706
190000,22.4,950,1.0,1.0,0.5504758959710598,0.24380591161549092,0.18652824608981608,0.146171875,-2081.151633666992,0.8187366870641708,5227.516149658203,18.71175498008728
191000,22.4,955,1.0,1.0,0.5503389202356338,0.2412156424820423,0.1866525178104639,0.14732421875,-2069.9674603271483,0.8326096652746201,5154.11433203125,18.723693490982054
192000,22.4,960,1.0,1.0,0.5520315994918347,0.24238090294599532,0.18786691750586032,0.14687890625,-2074.0720927734374,0.852088339149952,5014.649705810547,18.846687879562378
193000,22.4,965,1.0,1.0,0.5539914584159851,0.24380499723553659,0.18855368266254663,0.1470703125,-2072.5474708251954,0.8535376954078674,5038.827376708984,18.917013117790223
194000,22.4,970,1.0,1.0,0.5495172020196915,0.24251288639009,0.18938243038952352,0.14763671875,-2062.778588378906,0.8341503490805626,5114.289828247071,18.996951825141906
195000,22.4,975,1.0,1.0,0.5530869237780571,0.24966693302989007,0.18880205023288726,0.14708984375,-2055.8111564941405,0.8482004091143608,5069.734768066406,18.94003858947754
196000,22.4,980,1.0,1.0,0.5525572525262833,0.24415793626010418,0.18931909315288067,0.147140625,-2047.396819580078,0.8595404129624367,5081.7360991210935,18.99263612937927
197000,22.5,985,1.0,1.0,0.5555168563127517,0.24365343928337097,0.1888417650014162,0.14598046875,-2048.630051879883,0.864259371817112,4999.7655231933595,18.944676387786867
198000,22.5,990,1.0,1.0,0.5501142641305924,0.2442025301605463,0.1908616736382246,0.1487578125,-2056.291994140625,0.8917102856040001,5010.564494384766,19.146870258331298
199000,22.5,995,1.0,1.0,0.552506009221077,0.24774732837080957,0.19053545799106358,0.1484375,-2048.789301635742,0.8814455559849739,5019.414692138672,19.11444871234894
200000,22.5,1000,1.0,1.0,0.5503943437039852,0.24851921305060387,0.19100203132629395,0.1486328125,-2050.8698779296874,0.8717207995653152,5077.747953125,19.162532367706298
