episode,step,return,len,terminal_w2_from_start,z
1,200,-0.0025570229154254775,200,0.04822787571559565,+0.187 -0.196 +0.950 +0.156
2,400,0.006458575735450722,200,0.03930024085351338,-0.308 +0.208 +0.751 +0.545
3,600,-0.00034230350865982473,200,0.04004735733235541,-0.446 -0.802 -0.395 +0.026
4,800,-0.008591542096837657,200,0.04132456312579431,-0.847 -0.080 -0.454 -0.267
5,1000,-0.010636625127517618,200,0.026794615217326966,-0.423 -0.246 +0.320 +0.811
6,1200,-0.0010714186864788644,200,0.03861239840758596,-0.082 +0.873 -0.425 +0.225
7,1400,0.0019038220143556828,200,0.031577323608444424,+0.605 +0.063 -0.498 -0.618
8,1600,0.001910378792672418,200,0.031427959104822364,-0.398 +0.192 -0.878 -0.182
9,1800,-0.0004898552033409942,200,0.03316568164860142,-0.227 +0.772 +0.307 +0.508
10,2000,-0.007715404342889087,200,0.033695090196298697,-0.361 -0.071 +0.432 +0.823
11,2200,0.01927133948629489,200,0.035996196927260776,-0.502 +0.603 +0.536 +0.311
12,2400,-0.005993208491418045,200,0.03333661715494309,+0.107 -0.127 +0.589 +0.791
13,2600,0.005045286590757314,200,0.03479905550261701,+0.703 +0.513 +0.140 -0.472
14,2800,0.004770059404108906,200,0.03706885135645199,-0.003 +0.438 -0.859 +0.264
15,3000,0.0036960762736271136,200,0.032178000649228246,+0.271 +0.439 -0.748 -0.418
16,3200,0.0026367556893092114,200,0.0375410166529438,-0.199 -0.532 +0.791 -0.226
17,3400,0.001475843959269696,200,0.03946141946608882,+0.156 -0.123 +0.753 +0.628
18,3600,0.0034179512258560862,200,0.031229791035005203,+0.265 -0.921 +0.022 +0.286
19,3800,-0.006123234637925634,200,0.03542344888525454,+0.395 -0.243 +0.717 -0.520
20,4000,0.03165556884778198,200,0.037667177733932085,-0.287 +0.405 +0.021 +0.868
21,4200,-0.014451672053837683,200,0.035096433748822486,+0.142 -0.476 -0.284 -0.820
22,4400,0.007378737718681805,200,0.034004193634956825,-0.635 +0.314 +0.289 +0.644
23,4600,0.005857816569914576,200,0.03577783390432024,-0.308 +0.691 -0.117 +0.644
24,4800,-0.018555092241513194,200,0.043306741679017866,-0.318 -0.540 +0.183 +0.757
25,5000,0.006896561506437138,200,0.033729892719872215,+0.079 -0.288 -0.660 -0.689
26,5200,-0.017646386404521763,200,0.03923964854434137,+0.324 +0.637 -0.106 -0.692
27,5400,-0.7750175653491169,200,0.04010461369169307,+0.009 +0.806 +0.473 -0.356
28,5600,-4.034908473258838,200,0.03725284287223648,+0.228 -0.641 -0.444 +0.582
29,5800,-5.746986864134669,200,0.03401782423042297,-0.778 -0.600 +0.157 +0.097
30,6000,5.519605750218034,200,0.03872008336040612,-0.728 +0.132 +0.319 -0.593
31,6200,2.972694754600525,200,0.04912672124222529,-0.396 +0.046 +0.505 +0.765
32,6400,-45.1304287686944,200,0.0340138630424553,+0.529 +0.163 -0.366 -0.748
33,6600,14.884949266910553,200,0.038390127976746305,-0.371 +0.406 +0.476 -0.686
34,6800,-149.92126283794641,200,0.041409175053176164,+0.446 -0.111 -0.171 -0.872
35,7000,-143.8651523590088,200,0.02690121121441945,+0.217 +0.133 +0.658 +0.708
36,7200,-20.196021988987923,200,0.05590626276144048,+0.315 -0.090 -0.945 -0.011
37,7400,19.216235160827637,200,0.028701885074327325,+0.162 -0.677 +0.429 +0.576
38,7600,-92.10667151212692,200,0.05845256795152563,+0.658 +0.519 -0.492 -0.235
39,7800,-27.60050094127655,200,0.03637759532795716,-0.543 -0.057 +0.491 -0.679
40,8000,8.57503217458725,200,0.1543113172801821,-0.044 +0.855 -0.414 +0.308
41,8200,34.21935737133026,200,0.03456502035403204,+0.669 -0.633 -0.389 +0.002
42,8400,331.0271875858307,200,0.03809714209785225,+0.281 +0.606 -0.741 -0.064
43,8600,-60.3279524743557,200,0.036967654540359156,-0.431 -0.591 -0.287 -0.618
44,8800,43.28601896762848,200,0.038393126808251854,+0.311 -0.887 +0.088 -0.330
45,9000,-11.546795964241028,200,0.056318508472990865,-0.017 +0.469 -0.847 +0.250
46,9200,44.39212481677532,200,0.0319696244471273,+0.787 -0.383 +0.328 -0.355
47,9400,182.19964915513992,200,0.03379225461673569,+0.367 +0.257 +0.293 -0.845
48,9600,-117.85482859611511,200,0.031475723491843015,-0.258 +0.827 +0.460 +0.196
49,9800,-172.2264416217804,200,0.03351080358158996,-0.048 -0.156 -0.429 -0.889
50,10000,15.960951171815395,200,0.040030761947897515,+0.033 +0.733 +0.647 -0.208
51,10200,14.434618711471558,200,0.031115475167930944,+0.060 +0.035 +0.949 +0.306
52,10400,20.951772421598434,200,0.031257319701102716,-0.828 -0.517 -0.206 -0.072
53,10600,99.58910924196243,200,0.039213342493524594,+0.938 -0.130 +0.291 -0.139
54,10800,173.78660494089127,200,0.17148615641735276,-0.807 +0.192 -0.247 -0.501
55,11000,-293.6245661973953,200,0.033458669847001486,-0.270 +0.335 +0.424 +0.797
56,11200,4.074608325958252,200,0.036360177822022575,-0.421 -0.040 -0.823 -0.379
57,11400,265.6160135269165,200,0.03871574335368876,-0.441 +0.439 -0.001 +0.782
58,11600,148.59831047058105,200,0.03299060347022999,+0.706 -0.526 -0.157 -0.447
59,11800,-225.14544653892517,200,0.03975640759232361,-0.967 -0.141 +0.207 -0.041
60,12000,334.08622547984123,200,0.048851937006291916,-0.578 -0.107 -0.809 -0.007
61,12200,621.332332611084,200,0.026256533050313745,-0.064 +0.641 -0.579 +0.499
62,12400,-337.6980314254761,200,0.028823391272441982,+0.002 -0.607 +0.135 +0.783
63,12600,52.21098852157593,200,0.03461438683488732,+0.484 -0.173 -0.598 -0.615
64,12800,-313.68821716308594,200,0.036922718103763734,-0.014 +0.867 -0.019 -0.498
65,13000,-29.0566568672657,200,0.036391395281557916,-0.098 +0.863 +0.033 +0.495
66,13200,587.969485282898,200,0.03498608488130072,-0.208 +0.296 -0.518 -0.775
67,13400,-262.19944632053375,200,0.028704918126407526,+0.057 -0.707 -0.687 -0.160
68,13600,-29.338282346725464,200,0.03099258188359358,-0.466 -0.763 -0.446 +0.043
69,13800,90.86039304733276,200,0.03564480187338517,-0.051 +0.796 +0.403 -0.448
70,14000,-176.6611977815628,200,0.03155036963791883,+0.821 +0.047 +0.530 -0.209
71,14200,-444.1930381655693,200,0.04354040463004092,-0.564 -0.799 +0.097 -0.186
72,14400,-381.8115848004818,200,0.04015056700168245,+0.927 -0.068 -0.236 +0.282
73,14600,-340.80943059921265,200,0.028431251454088792,-0.541 +0.749 -0.303 -0.234
74,14800,-522.3651606738567,200,0.03011297423872375,+0.341 -0.775 +0.395 -0.355
75,15000,-36.89454033970833,200,0.03655389281086036,-0.117 -0.738 -0.634 +0.198
76,15200,98.46517658233643,200,0.037409606640889895,-0.350 +0.147 +0.923 +0.056
77,15400,-14.970487594604492,200,0.030300397107366858,-0.366 +0.405 -0.829 -0.122
78,15600,-253.26766157150269,200,0.038620715316428,+0.865 +0.202 -0.460 -0.008
79,15800,-20.74983936548233,200,0.02795086701912213,-0.189 -0.577 +0.256 +0.752
80,16000,28.136209428310394,200,0.044484220658269985,+0.229 +0.109 +0.308 -0.917
81,16200,-2523.154747366905,200,0.07665166399667402,-0.056 -0.827 +0.335 -0.449
82,16400,-40.443888425827026,200,0.029947607875462825,-0.478 -0.182 +0.838 +0.190
83,16600,-160.28869462013245,200,0.03189474633223219,+0.926 +0.285 -0.246 +0.020
84,16800,-649.3669641762972,200,0.05551579713040373,+0.435 +0.557 -0.673 +0.217
85,17000,-1.1304891109466553,200,0.03563987289635836,+0.830 +0.119 +0.038 +0.544
86,17200,-85.98720470070839,200,0.0280788774555276,+0.698 -0.041 -0.432 +0.570
87,17400,216.2286467552185,200,0.03783501967631554,+0.418 +0.120 +0.086 +0.896
88,17600,618.5874091684818,200,0.04297351191880098,+0.023 +0.397 -0.891 +0.217
89,17800,93.9708182811737,200,0.03795711139613325,+0.470 -0.112 +0.328 +0.812
90,18000,220.74333536624908,200,0.040387232562076235,+0.889 -0.056 -0.292 -0.347
91,18200,725.2939449548721,200,0.06495495589690137,+0.078 +0.448 -0.530 -0.716
92,18400,-307.50278812646866,200,0.04091201389102345,+0.865 -0.419 +0.197 +0.195
93,18600,-108.51945728063583,200,0.041330177978677746,-0.563 -0.316 -0.726 +0.239
94,18800,381.4468369483948,200,0.031849669766846285,+0.446 +0.602 -0.616 +0.244
95,19000,-186.58784198760986,200,0.03938195603960405,-0.655 -0.687 +0.305 -0.076
96,19200,157.66595649719238,200,0.0357287002191625,-0.306 -0.157 -0.161 +0.925
97,19400,86.32576549053192,200,0.03379762549882623,+0.014 -0.937 -0.348 +0.012
98,19600,4808.797232687473,200,0.08573948327743837,-0.595 +0.709 -0.373 -0.062
99,19800,-551.7601275444031,200,0.03206803041554787,+0.360 -0.512 -0.340 -0.702
100,20000,576.8091146349907,200,0.03251740214790964,-0.052 +0.827 +0.040 -0.559
101,20200,-254.82966262102127,200,0.03920428193100791,-0.327 +0.489 -0.629 +0.509
102,20400,120.78757983446121,200,0.03724931830854871,+0.717 +0.026 +0.344 -0.605
103,20600,653.5470371246338,200,0.035952802828526136,-0.550 +0.641 +0.139 +0.517
104,20800,451.82357662916183,200,0.042438066703427715,-0.165 -0.397 -0.470 -0.771
105,21000,-1793.0334313809872,200,0.10017801860891756,-0.632 -0.755 +0.149 +0.096
106,21200,-228.80972695350647,200,0.04073069972889803,+0.874 +0.003 +0.359 +0.326
107,21400,215.9321696460247,200,0.03759175790403129,+0.361 +0.207 -0.902 -0.113
108,21600,418.2429413795471,200,0.03510244623113426,+0.758 +0.309 -0.573 +0.042
109,21800,-74.7696694880724,200,0.22276167406795033,-0.559 -0.020 +0.258 -0.788
110,22000,-496.8661185503006,200,0.031134770331519877,+0.542 -0.336 +0.725 -0.260
111,22200,-527.5175404548645,200,0.03760690986970516,+0.094 -0.953 -0.267 -0.104
112,22400,-493.80500316619873,200,0.0338468521638027,+0.665 -0.508 +0.052 +0.544
113,22600,-209.62951537966728,200,0.041447431885097884,+0.177 -0.396 -0.701 -0.566
114,22800,5659.792568802834,200,0.22049975184042792,+0.079 +0.969 -0.035 -0.231
115,23000,180.70696711540222,200,0.038629834160887805,+0.593 -0.748 -0.296 -0.042
116,23200,3085.729850590229,200,0.14598136885465313,+0.449 +0.321 -0.332 +0.765
117,23400,4350.237326622009,200,0.12626991899016607,-0.540 +0.782 +0.310 -0.010
118,23600,-658.2081378698349,200,0.03847513192725022,+0.630 -0.168 +0.450 +0.610
119,23800,10.540892839431763,200,0.024942492310452362,+0.798 -0.181 -0.349 -0.457
120,24000,36.57831481099129,200,0.037129009058216464,+0.170 +0.043 +0.838 +0.516
121,24200,38.143255442380905,200,0.24243660676046677,-0.387 -0.308 -0.234 -0.837
122,24400,15.789370775222778,200,0.042227426785248504,+0.701 +0.072 -0.683 -0.193
123,24600,-4083.577686481178,200,0.21754441331065655,-0.537 -0.480 +0.688 +0.091
124,24800,-1227.0918062925339,200,0.13972259818060115,-0.011 -0.518 -0.283 -0.807
125,25000,-7810.66934466362,200,0.15605527970491725,-0.431 -0.671 +0.591 +0.122
126,25200,-665.4293118715286,200,0.24380338728660958,-0.800 -0.306 +0.508 -0.089
127,25400,-5086.614131569862,200,0.1604390715076656,-0.203 -0.522 +0.750 +0.352
128,25600,5298.003858923912,200,0.43293480652712424,-0.959 -0.195 -0.203 -0.023
129,25800,-6278.055894672871,200,0.5488202944779016,-0.415 -0.876 +0.071 +0.235
130,26000,11761.217602491379,200,0.4209728193715842,-0.296 +0.688 -0.291 +0.596
131,26200,-10333.775104165077,200,0.4676907306743852,+0.334 -0.355 +0.870 -0.072
132,26400,-399.8259109854698,200,0.038665138915912625,+0.805 -0.147 -0.552 -0.159
133,26600,3683.626016229391,200,0.43595450837096233,-0.787 -0.234 -0.239 -0.518
134,26800,1971.3443623781204,200,0.2334961449108591,-0.722 +0.352 +0.360 +0.475
135,27000,1144.3651803731918,200,0.3322569973395306,-0.789 -0.388 +0.004 +0.476
136,27200,4138.259400546551,200,0.27281294689774127,-0.058 +0.557 +0.428 -0.710
137,27400,6031.99628213048,200,0.36949734650662897,-0.427 +0.224 +0.450 -0.752
138,27600,3133.569810003042,200,0.30516345454255533,-0.780 -0.368 +0.345 -0.371
139,27800,-205.45604294538498,200,0.04284271558582855,-0.086 -0.039 -0.137 +0.986
140,28000,49.204515397548676,200,0.17182930550012923,+0.094 +0.534 +0.177 +0.821
141,28200,3498.550253510475,200,0.32392409923880827,-0.456 +0.571 +0.097 -0.676
142,28400,-7307.4826130867,200,0.12543714853783508,+0.793 -0.174 +0.559 -0.167
143,28600,114.7737078666687,200,0.04069809390145734,+0.395 +0.240 +0.180 -0.868
144,28800,-1924.0372183918953,200,0.4188969402775625,+0.412 +0.532 +0.098 +0.734
145,29000,-324.79061740636826,200,0.03267633459968781,+0.922 +0.107 +0.236 -0.287
146,29200,-23586.6497528553,200,0.4365375540003164,+0.866 -0.224 +0.429 +0.127
147,29400,-11010.92333984375,200,0.39258412289736133,+0.845 +0.415 -0.295 +0.162
148,29600,1660.6873224377632,200,0.2673076811189536,+0.276 +0.584 +0.529 -0.550
149,29800,29.312878847122192,200,0.06422522371216662,-0.354 -0.798 -0.054 +0.484
150,30000,-3658.101384997368,200,0.49985416355147994,+0.462 +0.510 +0.700 +0.189
151,30200,-35.36859744787216,200,0.03458101164176675,+0.775 -0.629 +0.041 -0.043
152,30400,-5225.16622531414,200,0.30969401722362766,+0.144 -0.444 +0.872 +0.148
153,30600,-340.3761702775955,200,0.4137756327216967,-0.229 +0.301 -0.018 -0.926
154,30800,-8314.624189674854,200,0.30160604395484353,+0.242 +0.127 -0.676 +0.685
155,31000,13160.60706526041,200,0.4127566631824011,-0.442 +0.374 +0.803 +0.141
156,31200,-87.53768360614777,200,0.03213906386748495,-0.251 -0.591 +0.728 -0.239
157,31400,7953.690407216549,200,0.37674570956323966,-0.738 -0.122 -0.338 -0.571
158,31600,-8.674856185913086,200,0.03547905755985012,+0.119 +0.316 +0.307 -0.890
159,31800,121.47566032409668,200,0.02764317696849599,+0.168 -0.549 -0.570 +0.588
160,32000,-92.19881238043308,200,0.0244429628519394,+0.113 -0.988 -0.096 -0.053
161,32200,10310.067322947085,200,0.43134402404389843,+0.104 +0.514 +0.851 -0.015
162,32400,-129.7341094315052,200,0.029117507969478002,+0.435 -0.776 -0.444 -0.104
163,32600,15341.319979816675,200,0.4328694998968059,-0.711 -0.268 +0.162 -0.630
164,32800,4914.17792224884,200,0.5566232364701458,-0.717 +0.408 -0.564 -0.034
165,33000,-45.092722058296204,200,0.03481275930566376,-0.086 -0.611 -0.784 -0.073
166,33200,9437.479992955923,200,0.5530712019843035,+0.006 +0.540 +0.201 -0.817
167,33400,-884.3863627761602,200,0.2978493575801836,+0.455 +0.561 -0.012 -0.691
168,33600,-12163.574467897415,200,0.4107920245349537,+0.768 -0.084 +0.011 +0.635
169,33800,-2747.44573302567,200,0.21825145095592974,+0.863 -0.034 +0.501 -0.052
170,34000,11536.124515891075,200,0.4607879695045476,-0.828 +0.449 +0.286 -0.175
171,34200,6.011891782283783,200,0.03693011879543354,-0.323 -0.738 -0.377 +0.457
172,34400,-548.0552392601967,200,0.5751978952153839,-0.079 -0.371 +0.615 +0.691
173,34600,-4463.90321290493,200,0.4473283883129049,+0.124 +0.148 -0.805 -0.561
174,34800,-4994.087936788797,200,0.34290374575850247,-0.062 +0.725 -0.129 +0.674
175,35000,-2671.609166648239,200,0.17598317214821305,+0.690 +0.695 +0.159 +0.124
176,35200,-9666.784970462322,200,0.525344666606628,-0.163 -0.031 -0.670 +0.724
177,35400,-9046.61252039671,200,0.43700860045172835,+0.064 -0.832 +0.194 +0.517
178,35600,5999.854471087456,200,0.4789097198590161,-0.299 +0.444 +0.716 +0.447
179,35800,-2741.6733317412436,200,0.2542012685678651,+0.867 +0.469 -0.142 +0.090
180,36000,11167.203356444836,200,0.6039856486435049,-0.365 +0.462 +0.419 +0.691
181,36200,-252.41350369900465,200,0.20690592563318191,+0.308 +0.292 +0.502 +0.754
182,36400,6203.294358313084,200,0.47157243209265637,-0.537 +0.140 +0.117 +0.823
183,36600,1030.9081325232983,200,0.13300795462728374,+0.671 +0.090 +0.507 -0.534
184,36800,331.66142892837524,200,0.06605060778256565,+0.425 -0.680 -0.130 -0.583
185,37000,1475.8434433788061,200,0.23307337851539567,+0.772 +0.277 +0.452 -0.350
186,37200,7638.010665312409,200,0.46128079695928037,-0.986 +0.089 -0.093 +0.109
187,37400,1001.1938972771168,200,0.12128199296522661,+0.632 +0.144 +0.336 -0.684
188,37600,-85.26057223975658,200,0.037649743163991015,+0.964 -0.252 -0.052 -0.063
189,37800,-711.5171995609999,200,0.16146778799397063,+0.747 +0.148 +0.080 +0.644
190,38000,-12.078406490385532,200,0.03148265024372721,+0.672 -0.688 +0.020 -0.272
191,38200,15000.327534630895,200,0.28617133112189974,-0.484 +0.026 +0.874 +0.032
192,38400,-2104.7092647999525,200,0.24314281317048583,+0.621 +0.126 -0.222 +0.741
193,38600,10317.03635752201,200,0.32962948176063295,-0.552 +0.749 +0.184 +0.316
194,38800,-4045.122931301594,200,0.16367488827516716,+0.162 +0.710 -0.624 +0.283
195,39000,92.6436280310154,200,0.05052384770002102,+0.276 -0.543 +0.765 +0.208
196,39200,-155.27369475364685,200,0.0489945424762728,-0.493 +0.081 -0.845 -0.193
197,39400,-1604.903900384903,200,0.085644477408734,-0.145 -0.048 -0.985 +0.086
198,39600,3.2840854078531265,200,0.08235594202472783,+0.414 -0.122 -0.572 -0.697
199,39800,-1493.3818811774254,200,0.2387526624971407,-0.591 -0.045 -0.544 +0.594
200,40000,-91.17254397273064,200,0.0722885323604073,-0.806 +0.186 -0.561 +0.025
201,40200,2995.862517103553,200,0.1997977666892958,+0.061 +0.773 +0.050 -0.629
202,40400,-1200.7369424402714,200,0.14229323918789186,+0.141 +0.911 -0.388 +0.021
203,40600,967.8218890428543,200,0.08578801244521013,+0.002 -0.295 +0.920 -0.257
204,40800,-1209.691654421389,200,0.211229774889576,-0.715 -0.125 -0.020 -0.688
205,41000,2731.8645825982094,200,0.16949861269982974,-0.227 -0.622 +0.748 +0.036
206,41200,20911.916598320007,200,0.780847832112956,-0.407 +0.076 +0.834 +0.364
207,41400,44.8094539642334,200,0.037974583182499105,+0.957 -0.235 +0.136 -0.102
208,41600,-257.3105700016022,200,0.03865873902831412,+0.627 -0.769 -0.001 -0.125
209,41800,-2078.560167193413,200,0.09625852238721372,+0.602 +0.290 -0.460 -0.585
210,42000,8301.989874988794,200,0.3193788728329223,-0.164 -0.539 +0.823 +0.073
211,42200,11439.755049824715,200,0.4144704525079292,-0.861 -0.082 +0.498 -0.054
212,42400,-1868.182702705264,200,0.12213519063360277,+0.290 +0.153 -0.114 -0.938
213,42600,147.85663306713104,200,0.3810447562492518,-0.208 -0.202 +0.377 -0.880
214,42800,-1612.4699722528458,200,0.1144642471839079,+0.405 +0.030 +0.226 -0.885
215,43000,-36.56707429885864,200,0.03187480938521983,+0.634 -0.765 -0.046 +0.101
216,43200,-382.47164022922516,200,0.07289337314897167,+0.069 +0.456 -0.536 +0.707
217,43400,8184.836511194706,200,0.33461124914990326,+0.259 +0.324 +0.827 +0.380
218,43600,10330.133590817451,200,0.6122646806046973,-0.857 -0.066 -0.125 +0.495
219,43800,-2496.1093380749226,200,0.12871105109988978,-0.334 +0.296 -0.893 -0.064
220,44000,6654.8149279356,200,0.4672564378990107,-0.246 +0.933 -0.135 +0.225
221,44200,186.2454151213169,200,0.07834985223387109,+0.085 -0.811 +0.499 -0.292
222,44400,-785.1839687228203,200,0.12482239037247438,-0.003 +0.286 -0.528 -0.800
223,44600,6363.2918602228165,200,0.31987548409985167,-0.225 +0.668 -0.024 +0.709
224,44800,-932.8506769910455,200,0.1124575675616212,-0.121 -0.494 -0.079 -0.857
225,45000,-1253.6564584374428,200,0.0761907732098394,-0.064 -0.604 -0.165 +0.777
226,45200,6937.827399492264,200,0.3658226056391015,-0.863 -0.061 -0.276 -0.420
227,45400,1143.5387825071812,200,0.06744782733723911,-0.522 -0.151 -0.127 -0.830
228,45600,16427.284410476685,200,0.623472417067295,-0.816 +0.469 +0.161 +0.296
229,45800,-114.35059060156345,200,0.03944446003865545,+0.689 +0.277 -0.575 +0.344
230,46000,-4064.709397315979,200,0.28098756423671467,-0.271 +0.241 -0.496 +0.789
231,46200,-453.2866681814194,200,0.07726592513234781,+0.034 -0.644 +0.538 -0.542
232,46400,739.2008971869946,200,0.32422418508973744,+0.507 +0.266 +0.781 -0.250
233,46600,-28.121187806129456,200,0.03153172812332734,+0.920 -0.274 +0.070 +0.272
234,46800,-227.59230208396912,200,0.03621578390346733,+0.166 +0.001 -0.573 +0.802
235,47000,375.3710158765316,200,0.10275337148484848,+0.304 +0.511 -0.354 +0.722
236,47200,-109.3548880815506,200,0.04427700709318598,+0.188 -0.759 +0.305 +0.544
237,47400,11207.792260825634,200,0.306817938350116,-0.504 -0.569 +0.534 -0.370
238,47600,-153.8759269118309,200,0.059897448421142536,+0.350 -0.330 -0.770 +0.420
239,47800,6563.744060575962,200,0.35266875433010086,+0.148 +0.586 +0.269 +0.750
240,48000,-319.46276634931564,200,0.10896753414756731,-0.489 -0.100 -0.633 -0.591
241,48200,-207.38598442077637,200,0.03664402004291809,+0.495 -0.193 -0.003 +0.847
242,48400,-259.36154586076736,200,0.04875917681880404,+0.355 +0.610 -0.684 -0.183
243,48600,-651.3967038393021,200,0.06323793284782762,-0.230 -0.877 -0.352 -0.233
244,48800,12721.496530294418,200,0.4598583197117641,-0.270 +0.615 +0.496 +0.550
245,49000,-100.9967663437128,200,0.041110173612347506,+0.648 -0.469 +0.107 +0.591
246,49200,11067.700637474656,200,0.6029157617136806,-0.041 -0.054 +0.706 +0.705
247,49400,2257.244785964489,200,0.14249842621849756,+0.477 -0.363 +0.706 +0.377
248,49600,10111.3856607005,200,0.5592374705274824,+0.021 +0.370 +0.485 +0.792
249,49800,-144.92762970924377,200,0.03905787106087757,+0.251 -0.035 -0.056 +0.966
250,50000,20925.20401275158,200,0.8606066268932762,-0.776 +0.061 +0.621 +0.094
251,50200,1601.045505270362,200,0.24638183128674024,+0.614 +0.035 +0.742 -0.268
252,50400,-257.68693551421165,200,0.05736766143715074,+0.409 +0.627 -0.387 -0.539
253,50600,10839.63485482335,200,0.5840651894253983,+0.017 +0.216 +0.588 -0.779
254,50800,5893.706956207752,200,0.5241038471866807,+0.282 -0.019 +0.886 -0.367
255,51000,7468.821702301502,200,0.4899584444063219,+0.027 +0.970 +0.047 +0.235
256,51200,-2872.987921267748,200,0.3634261449991398,-0.434 -0.472 -0.223 +0.734
257,51400,8943.24493098259,200,0.43440673114996364,-0.152 +0.325 +0.123 +0.925
258,51600,-1438.7477058172226,200,0.06917158142187514,+0.746 -0.154 -0.365 -0.536
259,51800,488.8540860116482,200,0.12254372788533535,-0.422 -0.889 -0.087 +0.153
260,52000,8289.295015454292,200,0.5678565964798575,-0.685 +0.516 -0.366 +0.360
261,52200,-228.6709322333336,200,0.04476124929956679,-0.313 -0.859 -0.403 -0.026
262,52400,14371.124977074564,200,0.5619446770963441,-0.804 -0.167 +0.567 -0.059
263,52600,3833.3168853521347,200,0.18690041837445653,+0.191 -0.414 +0.861 +0.225
264,52800,97.56460075080395,200,0.06278356670079548,-0.604 -0.466 -0.420 -0.492
265,53000,5.848702430725098,200,0.045810669326282145,-0.107 -0.869 -0.224 -0.427
266,53200,428.3391821831465,200,0.1545133728445854,-0.795 +0.365 -0.191 -0.445
267,53400,10803.968735128641,200,0.43361702987400264,-0.243 +0.795 +0.451 -0.327
268,53600,-190.54078364372253,200,0.039171866479285604,+0.900 +0.353 +0.148 +0.210
269,53800,23.76770769059658,200,0.0395380661586967,+0.295 -0.311 -0.424 +0.798
270,54000,121.59364772588015,200,0.03795014899334268,+0.104 -0.550 -0.419 +0.715
271,54200,4549.034237474203,200,0.6362749307228842,+0.154 -0.172 +0.972 -0.046
272,54400,18277.343413829803,200,0.6340163307261382,-0.581 +0.499 +0.619 -0.175
273,54600,10576.980671435595,200,0.4496381597956399,-0.401 +0.859 +0.206 -0.242
274,54800,-1258.1345378160477,200,0.07967905337963298,-0.116 -0.270 -0.831 -0.473
275,55000,10809.212585151196,200,0.5111189207831425,+0.205 +0.702 +0.681 -0.031
276,55200,18945.64282542467,200,0.6536884443113944,-0.222 +0.703 +0.676 -0.001
277,55400,-241.1683452129364,200,0.04292354639539708,+0.578 +0.053 +0.306 +0.754
278,55600,-2861.0807572603226,200,0.348459751104784,-0.667 +0.053 -0.682 +0.295
279,55800,88.01316058635712,200,0.03308823477985733,+0.691 -0.032 -0.720 +0.055
280,56000,458.38556614518166,200,0.38242162964358806,-0.749 -0.596 -0.208 +0.201
281,56200,17612.14976632595,200,0.5409763754418493,-0.347 +0.343 +0.672 +0.557
282,56400,-26.20029604434967,200,0.03863926074588446,+0.107 -0.071 +0.134 -0.983
283,56600,2059.9578681737185,200,0.43347053069458014,-0.136 +0.539 -0.341 +0.758
284,56800,7162.669427871704,200,0.334674944729305,-0.668 -0.003 +0.415 -0.617
285,57000,600.4333260208368,200,0.14532355271757647,-0.683 -0.729 -0.042 -0.034
286,57200,-570.5586715340614,200,0.15208488585516317,+0.178 +0.950 -0.061 -0.251
287,57400,-71.02613830566406,200,0.027418427700460685,-0.327 -0.288 -0.620 -0.652
288,57600,310.32187274098396,200,0.06294439301589395,+0.596 -0.022 +0.790 -0.144
289,57800,2498.375583745539,200,0.15887425655387616,+0.026 -0.780 +0.583 +0.225
290,58000,1731.5539439618587,200,0.08560862127255757,-0.460 -0.558 +0.160 -0.672
291,58200,14112.973008990288,200,0.5065585698304217,-0.132 +0.806 +0.577 +0.014
292,58400,8341.914432406425,200,0.5154164404284287,-0.485 -0.266 +0.761 -0.339
293,58600,84.0614760518074,200,0.036805584993924605,+0.449 +0.087 -0.866 +0.201
294,58800,-89.74667214602232,200,0.059074612855006675,-0.346 -0.530 -0.488 +0.601
295,59000,890.5537593141198,200,0.34350370800958446,-0.318 -0.081 +0.375 -0.867
296,59200,15206.631766524166,200,0.5834520133278952,-0.629 +0.047 +0.747 -0.210
297,59400,5164.92918522656,200,0.40601318426241345,+0.381 +0.260 +0.350 +0.815
298,59600,17.398393660783768,200,0.03513182774070858,+0.056 +0.411 -0.675 +0.610
299,59800,-119.65701425075531,200,0.032094621289844916,+0.463 -0.772 -0.420 -0.114
300,60000,1974.5940971374512,200,0.5597698533065567,-0.873 -0.266 -0.408 +0.028
301,60200,-1.4279943108558655,200,0.02883914482793875,+0.453 -0.839 +0.259 -0.152
302,60400,11499.608495593071,200,0.42805536116069687,-0.513 +0.833 +0.169 -0.123
303,60600,41.57861448824406,200,0.025570519110956928,+0.855 +0.088 -0.469 +0.200
304,60800,-640.9681229516864,200,0.48527316063722603,+0.407 +0.348 +0.276 +0.798
305,61000,3344.1795795559883,200,0.5044245177105097,-0.036 -0.420 +0.797 -0.432
306,61200,-116.81704744696617,200,0.0340486591522759,-0.397 +0.304 -0.842 -0.202
307,61400,-63.16002008318901,200,0.03792189415800478,+0.031 -0.450 -0.724 +0.521
308,61600,-844.6647696197033,200,0.07902631648017533,-0.202 -0.759 -0.500 +0.365
309,61800,20248.76395535469,200,0.7516355554836975,-0.804 +0.561 -0.199 +0.005
310,62000,-670.2442933917046,200,0.38278357610482816,+0.651 +0.113 +0.562 +0.498
311,62200,2069.026457577944,200,0.16104077970370623,+0.605 +0.256 +0.618 +0.432
312,62400,1622.0031878352165,200,0.1635994312888658,-0.347 +0.844 -0.381 -0.149
313,62600,207.80652338266373,200,0.04991902808850287,-0.017 +0.718 -0.331 +0.612
314,62800,8391.533319234848,200,0.6673676150856714,-0.511 +0.407 -0.142 -0.744
315,63000,12082.46147748828,200,0.4796525182742671,-0.829 +0.254 +0.399 -0.298
316,63200,-15.908548854291439,200,0.03582888455501282,+0.328 +0.470 -0.580 -0.579
317,63400,1352.3247924670577,200,0.0768776221961927,+0.306 -0.593 +0.646 -0.371
318,63600,-3757.7002740502357,200,0.2511590129261649,-0.460 -0.172 -0.082 -0.867
319,63800,141.16198259592056,200,0.03811267898908569,-0.217 -0.495 +0.072 -0.839
320,64000,20204.108859539032,200,0.6216507871745491,-0.377 +0.683 +0.507 +0.366
321,64200,9684.679789379239,200,0.4199059195109772,-0.137 +0.128 +0.956 -0.223
322,64400,6185.962738752365,200,0.41207694230703307,-0.192 +0.715 -0.091 +0.666
323,64600,-139.33741587400436,200,0.08748419725468998,-0.486 -0.515 -0.633 +0.314
324,64800,205.1835331916809,200,0.03608489314788129,-0.458 -0.207 -0.864 -0.039
325,65000,5790.360596060753,200,0.3351165323639767,+0.158 -0.460 +0.481 -0.729
326,65200,24.601065754890442,200,0.041238262984516064,-0.104 -0.933 -0.091 -0.333
327,65400,2508.726696282625,200,0.18800908920269654,-0.396 -0.432 +0.032 -0.810
328,65600,9511.921177357435,200,0.4438480457384475,-0.687 +0.403 -0.066 -0.602
329,65800,-199.17705127596855,200,0.03704123074102099,+0.278 +0.523 -0.634 +0.497
330,66000,11777.538386940956,200,0.5033228481668525,-0.060 +0.056 +0.633 +0.770
331,66200,-39.80665498971939,200,0.03173314489740302,+0.176 +0.277 -0.349 +0.878
332,66400,11572.841573476791,200,0.48973920307753055,-0.987 -0.073 +0.135 +0.052
333,66600,200.06924073398113,200,0.03911368113115211,+0.409 -0.517 -0.667 -0.347
334,66800,20894.485208034515,200,0.6491439710488323,-0.644 +0.614 +0.453 -0.044
335,67000,4316.969329804182,200,0.4507630328040624,+0.052 -0.686 +0.695 +0.209
336,67200,-120.17659842967987,200,0.07985997253473437,+0.545 -0.315 +0.684 +0.369
337,67400,2817.520737849176,200,0.46693465596080047,-0.507 -0.627 +0.366 +0.464
338,67600,-39.121300637722015,200,0.03601193707997568,+0.131 -0.625 -0.309 +0.704
339,67800,8961.954974144697,200,0.338400254430626,-0.181 +0.330 +0.731 +0.569
340,68000,-119.96356880664825,200,0.03523537481577853,+0.250 +0.205 -0.547 -0.772
341,68200,3704.628774702549,200,0.38855412359067304,-0.646 -0.675 +0.299 -0.195
342,68400,76.94606870412827,200,0.059017010345821824,+0.270 +0.572 -0.474 +0.613
343,68600,-2340.7996734529734,200,0.16900411787151373,+0.116 -0.196 +0.032 +0.973
344,68800,-116.06954151391983,200,0.0357574461041464,-0.232 +0.299 -0.431 -0.819
345,69000,-46.876084581017494,200,0.03331605456391321,-0.541 +0.115 -0.584 +0.594
346,69200,5904.94872649014,200,0.3343711993203232,-0.303 -0.340 +0.866 +0.207
347,69400,8331.2350461483,200,0.43324932519416437,-0.349 +0.623 +0.256 -0.652
348,69600,-71.44540512561798,200,0.028713883689665966,+0.265 +0.836 -0.469 -0.100
349,69800,14808.506912827492,200,0.4419595062182032,-0.540 +0.546 +0.602 +0.220
350,70000,156.4569871723652,200,0.02751311844145692,+0.344 -0.099 -0.401 +0.843
351,70200,2640.0802387297153,200,0.658894554470059,-0.110 +0.514 +0.149 -0.837
352,70400,7928.479234158993,200,0.30494882836720616,-0.067 +0.621 +0.701 -0.345
353,70600,1823.6651207879186,200,0.26250133524123365,-0.262 +0.307 -0.429 +0.808
354,70800,12369.887975364923,200,0.6437190039039864,-0.624 +0.508 +0.138 -0.577
355,71000,223.9984812438488,200,0.038171125111043105,+0.915 -0.381 +0.132 +0.007
356,71200,5377.02650526166,200,0.48310208788307524,-0.127 -0.405 +0.751 +0.506
357,71400,533.2767730467021,200,0.09577989793229572,+0.298 +0.469 -0.250 +0.793
358,71600,10014.96423125267,200,0.29569840470852304,-0.451 +0.480 +0.752 -0.038
359,71800,10791.92126339674,200,0.3741347251578749,-0.460 +0.748 +0.121 +0.463
360,72000,5950.832589656115,200,0.5096945906655505,+0.293 +0.083 +0.929 +0.212
361,72200,2072.735128700733,200,0.28826253474862007,+0.390 -0.382 +0.816 +0.188
362,72400,2213.310550868511,200,0.1374869281664107,+0.494 +0.265 +0.648 -0.515
363,72600,2708.6971996873617,200,0.4343907600916232,-0.659 -0.288 -0.085 +0.690
364,72800,9615.684219419956,200,0.42583217926512984,-0.065 +0.310 +0.772 +0.552
365,73000,-12.366826832294464,200,0.03061921856582156,+0.568 +0.278 +0.055 +0.773
366,73200,-173.1941960901022,200,0.04293500888171557,-0.792 -0.052 -0.608 +0.010
367,73400,58.82317363843322,200,0.03318052981761859,+0.160 +0.707 -0.554 -0.409
368,73600,3316.099218606949,200,0.2911910880229485,+0.350 -0.362 +0.742 +0.444
369,73800,-30.145622059702873,200,0.0427578575044556,-0.248 -0.897 -0.360 -0.064
370,74000,-35.19585183262825,200,0.040603313202806496,+0.809 +0.356 +0.353 -0.307
371,74200,12699.466760456562,200,0.5843035731419591,-0.993 +0.058 -0.000 +0.104
372,74400,11600.629145383835,200,0.5268502866974615,-0.357 +0.653 +0.296 -0.599
373,74600,-54.839635372161865,200,0.03363058212866354,+0.380 +0.465 -0.307 -0.738
374,74800,-35.8104357868433,200,0.02911454655499833,+0.959 -0.125 +0.081 +0.241
375,75000,-522.4586799889803,200,0.05400754126712415,+0.072 +0.744 -0.519 +0.415
376,75200,-138.3830182850361,200,0.06634841694097633,+0.025 +0.928 -0.359 +0.096
377,75400,14596.495064556599,200,0.49754146042141195,-0.362 -0.072 +0.652 +0.662
378,75600,-440.23081743717194,200,0.04517746646856362,+0.029 +0.272 -0.831 -0.484
379,75800,-159.66007328778505,200,0.04386719359575043,+0.487 -0.086 -0.839 +0.225
380,76000,3020.587361216545,200,0.10098631591686166,-0.478 -0.876 +0.048 -0.052
381,76200,-181.63254905492067,200,0.03863594242316062,+0.615 -0.341 -0.386 -0.597
382,76400,30.42656734585762,200,0.03470717715091824,+0.668 +0.542 +0.156 -0.485
383,76600,-33.596946358680725,200,0.029066388736717335,+0.290 +0.455 -0.745 +0.392
384,76800,29.33434471487999,200,0.036636104382988026,+0.438 +0.519 +0.149 +0.719
385,77000,-198.1660960316658,200,0.029153718052734423,-0.067 -0.510 -0.171 +0.840
386,77200,9426.57015299797,200,0.7680440894507359,-0.906 +0.141 -0.369 +0.150
387,77400,56.247780203819275,200,0.03631140657238402,+0.731 -0.086 -0.646 -0.202
388,77600,72.8513925820589,200,0.03626332749777018,+0.634 -0.037 +0.231 -0.737
389,77800,135.61410000920296,200,0.03859853586280811,+0.841 -0.488 -0.205 -0.108
390,78000,-28.418358266353607,200,0.029261659351186586,+0.864 -0.073 -0.447 +0.220
391,78200,-69.8595661520958,200,0.026869862409666698,+0.277 -0.298 -0.748 +0.524
392,78400,-58.11299894750118,200,0.03880375090663832,-0.053 -0.041 -0.898 -0.436
393,78600,5257.051873862743,200,0.503934440638973,+0.444 +0.709 +0.547 -0.019
394,78800,107.07569508627057,200,0.044510156443435624,+0.658 -0.079 +0.302 +0.685
395,79000,-75.13195066154003,200,0.03896018938838875,+0.805 +0.375 +0.418 -0.191
396,79200,680.7864293269813,200,0.05082321896542867,-0.331 -0.314 +0.177 -0.872
397,79400,-75.14655683934689,200,0.036592081727742774,+0.524 +0.261 +0.056 +0.809
398,79600,12927.875499784946,200,0.6437626575812441,-0.536 -0.265 +0.582 -0.551
399,79800,232.27952885627747,200,0.04117580018309579,+0.129 +0.711 -0.631 +0.284
400,80000,119.09960728883743,200,0.03909636598353951,+0.486 -0.873 -0.043 +0.017
401,80200,54.472667157649994,200,0.03720640646515643,-0.829 -0.087 -0.545 -0.093
402,80400,-52.787638425827026,200,0.029572333267776352,-0.036 +0.029 -0.850 +0.525
403,80600,9861.102756977081,200,0.3895655417533017,+0.053 -0.378 +0.913 +0.142
404,80800,285.12231969833374,200,0.03682383456479375,-0.203 +0.562 -0.717 -0.358
405,81000,0.5791398286819458,200,0.027707346300370528,+0.674 +0.030 +0.395 -0.623
406,81200,1819.2753285765648,200,0.15571883894746388,+0.269 +0.727 +0.256 -0.578
407,81400,6992.436440348625,200,0.4383026606231024,+0.098 +0.961 -0.097 +0.239
408,81600,8696.037321209908,200,0.3026621958133095,-0.139 +0.828 +0.541 +0.036
409,81800,14220.001384198666,200,0.711135517175059,-0.063 +0.493 +0.779 -0.382
410,82000,10919.343970417976,200,0.471250815292051,-0.319 +0.366 +0.671 -0.561
411,82200,1028.7575731128454,200,0.06589497715153526,-0.335 -0.867 +0.153 +0.337
412,82400,2321.955981731415,200,0.5119987127106093,-0.533 +0.435 -0.601 +0.407
413,82600,-40.39457947015762,200,0.031417285539214725,-0.049 +0.383 -0.546 -0.744
414,82800,1771.002691924572,200,0.26181278635665245,-0.075 +0.249 -0.101 +0.960
415,83000,1965.1363677680492,200,0.22657019075737597,+0.576 +0.585 +0.470 -0.323
416,83200,2454.8174416422844,200,0.5699311800403266,-0.526 +0.611 -0.592 +0.003
417,83400,-820.2235488891602,200,0.10765201601709343,+0.527 -0.187 +0.758 -0.336
418,83600,8198.490727841854,200,0.3867538760485487,-0.319 +0.803 -0.066 +0.499
419,83800,11372.388292819262,200,0.47329299026476285,-0.652 +0.314 +0.620 -0.303
420,84000,18124.869849801064,200,0.6058266567728892,-0.266 +0.866 +0.102 +0.411
421,84200,-2206.7897254005075,200,0.3494732848265823,-0.102 -0.239 +0.132 +0.957
422,84400,-102.22273579239845,200,0.05379940579177252,-0.694 +0.219 -0.619 -0.295
423,84600,8168.498640418053,200,0.3712951842034544,+0.031 +0.792 +0.322 +0.517
424,84800,-2.985427439212799,200,0.02757873993614473,+0.554 -0.257 +0.261 -0.747
425,85000,12614.588913917542,200,0.3706871022468805,-0.456 +0.159 +0.875 +0.034
426,85200,49.52628272771835,200,0.03225018070591002,-0.329 -0.461 -0.003 +0.824
427,85400,12406.581555843353,200,0.4970234731854347,-0.432 +0.124 +0.462 -0.765
428,85600,8550.263301998377,200,0.3201174868658467,-0.417 +0.239 +0.656 +0.582
429,85800,11961.053211152554,200,0.47327612964869803,-0.900 +0.349 +0.032 +0.261
430,86000,66.44768591970205,200,0.03693596778967814,+0.135 -0.433 -0.835 +0.310
431,86200,16.429968371987343,200,0.03590232982900178,-0.332 -0.363 -0.844 +0.214
432,86400,-54.71841561794281,200,0.03162086472808619,-0.085 -0.231 -0.944 +0.219
433,86600,14213.808710217476,200,0.40977081858810754,-0.666 +0.312 +0.677 -0.021
434,86800,255.54427517950535,200,0.03209345904630201,+0.499 -0.785 +0.000 +0.368
435,87000,-3360.422818660736,200,0.10408647001574575,+0.632 -0.500 +0.467 -0.365
436,87200,157.61325269937515,200,0.038100730439908685,+0.927 -0.232 +0.216 +0.202
437,87400,6216.8872609734535,200,0.37764443084362875,-0.088 -0.739 +0.668 +0.004
438,87600,-359.7818633019924,200,0.03532875416792311,+0.592 -0.675 -0.434 +0.071
439,87800,-114.92939925193787,200,0.03678673752785029,+0.377 +0.062 +0.025 +0.924
440,88000,6630.695543885231,200,0.4527361014977409,+0.253 +0.789 +0.385 -0.406
441,88200,124.94817581772804,200,0.04993697713184296,-0.061 +0.183 +0.039 -0.980
442,88400,-117.20322221517563,200,0.028028910657126697,+0.512 -0.336 -0.278 +0.740
443,88600,-974.9998613595963,200,0.09237566461820852,+0.049 +0.179 +0.038 -0.982
444,88800,152.6855527162552,200,0.04275168359247943,-0.518 -0.568 -0.428 -0.475
445,89000,8336.931171238422,200,0.4674598392244435,-0.298 +0.673 +0.283 -0.614
446,89200,8864.820565581322,200,0.5377905933949487,-0.357 +0.437 +0.359 -0.743
447,89400,2721.2101279497147,200,0.4582529310845646,+0.214 -0.377 +0.852 +0.294
448,89600,2318.9719999730587,200,0.18936387978100375,+0.313 +0.891 -0.116 +0.309
449,89800,6869.752930402756,200,0.3175221147543971,+0.039 -0.179 +0.355 -0.917
450,90000,8240.636026754975,200,0.47866528882449966,-0.192 -0.119 +0.721 -0.656
451,90200,7625.157749146223,200,0.4413332359418949,-0.060 +0.236 +0.218 +0.945
452,90400,-142.46275693178177,200,0.03715481738590909,+0.691 +0.687 -0.222 -0.029
453,90600,1692.1049333065748,200,0.17170568209482726,+0.274 +0.907 -0.024 +0.320
454,90800,119.4052115380764,200,0.03992163486378462,+0.716 +0.360 +0.540 +0.259
455,91000,11632.371550142765,200,0.478856719631193,-0.575 +0.582 +0.386 -0.427
456,91200,11456.20512984693,200,0.42243961640408145,-0.846 +0.259 +0.269 -0.382
457,91400,26.929523661732674,200,0.029885267000822634,+0.722 -0.309 +0.447 +0.427
458,91600,-53.155712366104126,200,0.0391473344668058,-0.100 -0.389 -0.266 +0.876
459,91800,3029.818893149495,200,0.11973436998554896,+0.461 -0.492 +0.722 -0.156
460,92000,205.1618977189064,200,0.03822881333961843,+0.361 +0.424 -0.071 -0.828
461,92200,-65.77111780643463,200,0.030883316769314145,+0.113 -0.343 -0.810 -0.462
462,92400,6057.369705229998,200,0.4884284069519259,+0.222 -0.002 +0.888 +0.403
463,92600,3171.5449387431145,200,0.2206685662364653,+0.215 -0.948 +0.209 -0.110
464,92800,154.7722144126892,200,0.023231781290381694,-0.360 +0.450 -0.811 +0.101
465,93000,-20.011434942483902,200,0.024425069054675744,+0.275 +0.353 -0.789 -0.422
466,93200,-124.31156879663467,200,0.03501408810042225,+0.923 -0.266 -0.262 +0.091
467,93400,11918.193047970533,200,0.3630330967752548,-0.219 -0.358 +0.830 -0.367
468,93600,5903.573254883289,200,0.33390121651632365,-0.826 -0.365 -0.033 -0.428
469,93800,14112.438633143902,200,0.8108984304981675,-0.215 -0.118 +0.879 -0.408
470,94000,4927.430973276496,200,0.17028111641909804,+0.391 -0.635 +0.363 -0.558
471,94200,10321.752613827586,200,0.43155266919877,-0.726 +0.482 +0.234 -0.431
472,94400,-48.51870936155319,200,0.03619472712009512,+0.170 -0.441 -0.849 +0.235
473,94600,1280.342253446579,200,0.09358935587871024,+0.488 -0.857 +0.089 +0.139
474,94800,-11.26891964673996,200,0.0351697098852558,+0.593 -0.710 -0.202 +0.322
475,95000,135.90218177437782,200,0.04264763120987186,+0.634 -0.304 +0.427 +0.568
476,95200,8846.794979095459,200,0.4444037438049173,-0.134 +0.954 +0.175 -0.202
477,95400,-59.37375473976135,200,0.036226582341218554,+0.226 -0.474 -0.729 +0.439
478,95600,-225.5889889895916,200,0.03589883034758537,+0.931 -0.162 +0.326 +0.031
479,95800,2637.2664922475815,200,0.09988043154339951,+0.215 -0.753 +0.551 -0.288
480,96000,12497.257418319583,200,0.40079290388254707,-0.783 +0.238 +0.508 -0.269
481,96200,1346.8766309022903,200,0.21370412865948576,-0.136 +0.637 +0.054 -0.757
482,96400,-90.93517222255468,200,0.03091217828834496,+0.694 +0.276 -0.601 +0.284
483,96600,9300.582393050194,200,0.5406855337865688,-0.249 -0.021 +0.448 +0.858
484,96800,-170.6506451368332,200,0.032915597166629645,+0.633 +0.062 -0.065 +0.769
485,97000,2447.082109451294,200,0.46957249681185353,+0.330 +0.075 +0.700 +0.629
486,97200,-40.087584763765335,200,0.03490496925596203,+0.262 +0.360 -0.202 -0.872
487,97400,8817.83772905171,200,0.6312339589086783,-0.540 -0.495 +0.285 +0.619
488,97600,2596.1511698663235,200,0.33369559323176057,+0.603 +0.490 +0.630 +0.016
489,97800,2723.958376698196,200,0.38269683127922005,+0.120 +0.627 +0.055 +0.768
490,98000,627.9790675342083,200,0.19714053295369904,-0.913 +0.182 -0.323 -0.171
491,98200,12.21658980846405,200,0.028972455460668765,-0.483 -0.101 -0.857 +0.145
492,98400,14.548112958669662,200,0.03455028613241525,+0.873 -0.123 -0.335 -0.333
493,98600,12.673383355140686,200,0.03449603952985539,-0.080 +0.390 -0.631 -0.666
494,98800,6542.639665186405,200,0.40050494835689093,+0.136 +0.220 +0.415 -0.872
495,99000,32.463698487728834,200,0.030897163784752497,+0.815 +0.336 +0.041 +0.471
496,99200,-225.03911185264587,200,0.04095416122655924,+0.009 -0.241 -0.754 -0.611
497,99400,11811.872585341334,200,0.432577251026492,-0.436 +0.394 +0.694 -0.416
498,99600,9785.750462949276,200,0.4079032362361578,-0.487 +0.260 +0.181 -0.814
499,99800,-44.0719530582428,200,0.032386920442379265,+0.670 +0.108 +0.419 +0.603
500,100000,6.81196691095829,200,0.03733428426298675,+0.276 -0.043 -0.332 -0.901
501,100200,-14.877514839172363,200,0.023952486871765197,+0.113 +0.280 -0.903 -0.306
502,100400,7399.091472029686,200,0.4458550158970608,-0.763 +0.505 -0.395 -0.085
503,100600,1681.6584308296442,200,0.07401870762860666,+0.223 -0.439 +0.423 -0.761
504,100800,6336.544238567352,200,0.47649702861872384,+0.487 +0.461 +0.704 -0.233
505,101000,-153.34078001976013,200,0.06224603339270167,-0.221 +0.406 -0.391 +0.796
506,101200,9121.658383712173,200,0.41260305941111325,-0.622 -0.041 +0.308 +0.718
507,101400,-802.3204198479652,200,0.05924433305243458,+0.707 +0.048 +0.298 +0.639
508,101600,286.5070872306824,200,0.10387901405411112,-0.350 -0.919 -0.165 -0.078
509,101800,58.57002992928028,200,0.03504905523218465,+0.448 -0.251 -0.065 +0.856
510,102000,208.5846043433994,200,0.07078482044124453,-0.467 -0.866 -0.146 -0.105
511,102200,8934.579138338566,200,0.5857977191230593,-0.168 -0.857 +0.481 +0.074
512,102400,11519.5401096344,200,0.6128970635111523,-0.595 +0.559 +0.238 -0.526
513,102600,-37.638036251068115,200,0.04104210195209414,-0.733 +0.131 -0.661 -0.097
514,102800,9866.769777745008,200,0.389668657148526,-0.182 -0.144 +0.971 +0.054
515,103000,1167.3255398869514,200,0.11823301689083682,+0.034 -0.868 +0.195 +0.456
516,103200,-98.3852473795414,200,0.04189963084329976,-0.064 -0.165 -0.649 -0.740
517,103400,12311.291845202446,200,0.6173472504121951,-0.889 -0.025 +0.143 -0.434
518,103600,75.20410031080246,200,0.03667386469330206,-0.653 +0.029 -0.315 -0.688
519,103800,9793.917111933231,200,0.2789111590739732,-0.799 +0.516 +0.094 +0.295
520,104000,1259.3200257569551,200,0.11474889360404746,+0.354 -0.082 +0.556 +0.747
521,104200,6811.483273372054,200,0.3587488337964637,-0.463 -0.376 +0.549 +0.585
522,104400,1251.9966441690922,200,0.09080307363731933,-0.245 -0.899 -0.032 +0.362
523,104600,9372.478046238422,200,0.40350005387365856,-0.031 +0.676 +0.686 -0.266
524,104800,84.17737364768982,200,0.04099505434573963,-0.251 +0.155 -0.395 +0.870
525,105000,-114.19475364685059,200,0.03725377866416198,+0.034 -0.288 -0.731 -0.618
526,105200,70.20242884755135,200,0.03129916676158948,+0.787 +0.140 -0.483 -0.359
527,105400,-45.24373972415924,200,0.03201053425954001,+0.227 +0.322 -0.739 -0.547
528,105600,-11.864088982343674,200,0.038357561200972855,-0.356 +0.331 -0.357 -0.798
529,105800,-101.30786627531052,200,0.040163457849073866,-0.092 -0.161 +0.085 +0.979
530,106000,11571.418247580528,200,0.429147667493614,-0.817 +0.019 +0.565 +0.112
531,106200,-41.67264235019684,200,0.03234294395087389,+0.519 -0.511 +0.150 -0.668
532,106400,9394.23175561428,200,0.47499939413170994,-0.480 +0.188 +0.449 -0.730
533,106600,8921.62786245346,200,0.4371497341189363,-0.072 -0.720 +0.490 -0.486
534,106800,-66.81923193484545,200,0.0345004891619794,+0.589 -0.713 -0.224 +0.306
535,107000,20.004015386104584,200,0.035457501478530815,+0.188 -0.666 +0.130 +0.710
536,107200,6120.667099297047,200,0.2049539838851737,-0.171 -0.791 +0.422 +0.409
537,107400,-21.115269899368286,200,0.03335568270141156,+0.786 -0.055 -0.515 -0.337
538,107600,25.029420137405396,200,0.0346766103601911,-0.057 -0.256 +0.257 +0.930
539,107800,31.489977329969406,200,0.03578249599637285,+0.716 -0.298 +0.117 -0.621
540,108000,8839.5780788064,200,0.3187966501451611,-0.132 -0.660 +0.570 +0.472
541,108200,-25.15001806616783,200,0.02945950791287584,-0.119 -0.368 -0.905 +0.176
542,108400,109.95647613704205,200,0.03576234790309913,+0.898 -0.221 +0.356 +0.132
543,108600,133.61486527323723,200,0.030298990735665877,-0.155 -0.067 -0.904 -0.393
544,108800,169.92788324132562,200,0.03986810002535906,+0.010 +0.803 -0.529 +0.273
545,109000,-167.6419819239527,200,0.03913160697916016,+0.513 -0.651 -0.034 +0.559
546,109200,11619.358376026154,200,0.27495794250030986,-0.047 -0.545 +0.658 -0.517
547,109400,2732.2700687348843,200,0.15184121211532647,+0.395 +0.005 +0.844 +0.364
548,109600,110.53472355008125,200,0.04054019028417146,-0.195 +0.911 -0.362 -0.020
549,109800,-180.236695446074,200,0.043978418793914856,+0.127 +0.057 -0.990 +0.034
550,110000,-22.66647344827652,200,0.033741826938337306,+0.215 +0.374 -0.780 -0.454
551,110200,-75.057013630867,200,0.03402267662691707,-0.001 -0.757 -0.255 +0.601
552,110400,14669.369875907898,200,0.5198423475830185,-0.493 +0.417 +0.675 +0.356
553,110600,159.35993203520775,200,0.06685825564377025,-0.094 -0.927 -0.196 -0.305
554,110800,-31.79292643070221,200,0.0348515228295435,+0.245 -0.406 -0.634 +0.611
555,111000,26.301190972328186,200,0.028601345049623927,+0.379 -0.363 -0.090 +0.847
556,111200,5356.971361279488,200,0.3616634308822974,+0.361 +0.436 +0.788 -0.242
557,111400,-98.67850106954575,200,0.0400014358403938,+0.765 -0.204 +0.436 -0.429
558,111600,258.7183842509985,200,0.03827541189174546,-0.092 +0.622 -0.766 +0.131
559,111800,6729.021031439304,200,0.39332807337281656,-0.012 -0.423 +0.373 -0.826
560,112000,-227.54116753675044,200,0.036732336619553,+0.566 -0.723 +0.320 +0.234
561,112200,-947.9373924285173,200,0.12807773269195594,+0.439 +0.660 -0.605 +0.081
562,112400,18.015088737010956,200,0.0326724443307196,-0.072 -0.081 -0.042 +0.993
563,112600,38.630037784576416,200,0.025187113118209176,+0.870 -0.326 +0.301 +0.215
564,112800,-734.3430747389793,200,0.4163383646339308,-0.234 +0.841 -0.482 -0.077
565,113000,23.341575622558594,200,0.034804450641884546,-0.754 -0.574 -0.295 +0.123
566,113200,36.53878253698349,200,0.03241901934245006,+0.219 +0.796 -0.274 +0.493
567,113400,9222.337568968534,200,0.6584545792006464,-0.179 +0.588 +0.441 -0.654
568,113600,30.840477347373962,200,0.03894735189104776,+0.907 -0.016 -0.353 +0.230
569,113800,7448.932231575251,200,0.566533786058316,+0.327 +0.763 +0.516 +0.210
570,114000,19.18759709596634,200,0.039898973713322135,+0.332 +0.208 -0.601 -0.697
571,114200,9775.502583146095,200,0.7093702719383876,-0.386 +0.273 +0.593 -0.652
572,114400,-186.9255839586258,200,0.03131639716816189,+0.706 -0.546 +0.101 -0.440
573,114600,82.24182686209679,200,0.03689488471748555,+0.557 +0.732 -0.319 -0.229
574,114800,17033.71786236763,200,0.5536117612636965,-0.319 +0.781 +0.519 -0.138
575,115000,-88.22622266411781,200,0.039311644886625384,+0.418 -0.368 +0.284 +0.780
576,115200,12362.244530111551,200,0.5821777209082478,-0.910 +0.368 -0.116 +0.155
577,115400,7442.535262167454,200,0.3540877368758292,-0.681 +0.723 -0.118 +0.026
578,115600,-85.00445353984833,200,0.030984179575181743,+0.386 -0.767 -0.433 +0.275
579,115800,6971.027773976326,200,0.41234717624904677,+0.163 -0.520 +0.778 -0.311
580,116000,9154.310425519943,200,0.5287097284861683,+0.378 +0.719 +0.150 +0.563
581,116200,9860.91520550847,200,0.65744793181611,-0.280 +0.404 +0.166 -0.855
582,116400,-34.84895976819098,200,0.031180501087798816,-0.003 -0.428 -0.638 +0.640
583,116600,4037.0881386995316,200,0.6202729740370193,+0.094 +0.307 +0.410 -0.854
584,116800,-23.267330169677734,200,0.040779372182164486,+0.493 +0.078 -0.328 +0.802
585,117000,7489.49164159596,200,0.5850097866528273,-0.537 -0.598 +0.321 -0.500
586,117200,838.04657381773,200,0.07604205674678857,+0.680 +0.420 +0.592 -0.103
587,117400,17372.95416867733,200,0.6236402832506246,-0.540 +0.392 +0.503 +0.550
588,117600,-243.40412610769272,200,0.05920760520781493,+0.740 +0.218 +0.392 +0.501
589,117800,8617.54809910059,200,0.18619249249848321,+0.356 -0.322 +0.655 -0.584
590,118000,-0.8229638338088989,200,0.04128018186687645,+0.817 -0.214 +0.274 +0.461
591,118200,50.36555880308151,200,0.03276204484736131,-0.936 -0.179 -0.291 -0.089
592,118400,-50.939016342163086,200,0.03692078366263287,+0.244 -0.045 -0.935 -0.253
593,118600,20.40176373720169,200,0.037859908750381165,+0.960 +0.147 -0.117 -0.208
594,118800,2449.756281197071,200,0.4351250853715175,-0.334 +0.698 -0.527 +0.352
595,119000,-100.55180621147156,200,0.02665964454425803,+0.638 -0.467 -0.344 -0.507
596,119200,5651.990696072578,200,0.34368761051233526,-0.319 -0.309 +0.550 -0.707
597,119400,5721.356136500835,200,0.39368560982105927,-0.856 -0.326 +0.065 -0.396
598,119600,9047.400335550308,200,0.5210317864293256,+0.247 +0.134 +0.955 -0.096
599,119800,4400.4370471686125,200,0.38285467412976815,-0.722 -0.135 +0.084 +0.673
600,120000,15218.901800394058,200,0.5332416403131726,-0.224 +0.932 -0.095 -0.269
601,120200,16718.26194345951,200,0.6348334550815192,-0.080 +0.583 +0.796 +0.142
602,120400,-16.102763265371323,200,0.04757752980337428,+0.387 -0.821 +0.338 +0.247
603,120600,1269.3866378292441,200,0.06816092477379174,+0.445 -0.839 +0.283 -0.133
604,120800,-13.652121469378471,200,0.03742447390047343,+0.620 +0.031 +0.397 -0.676
605,121000,14144.033028006554,200,0.5768370459038747,-0.940 +0.150 +0.099 +0.291
606,121200,-150.86966720223427,200,0.04114776144149677,-0.479 -0.521 -0.505 +0.494
607,121400,838.8886376917362,200,0.10600319988553687,+0.450 -0.368 +0.696 +0.421
608,121600,45.710288003087044,200,0.037684022781610656,-0.065 +0.234 -0.969 +0.040
609,121800,16893.512780189514,200,0.8526344028746005,-0.527 -0.148 +0.836 -0.024
610,122000,12251.174282312393,200,0.6445364135503523,-0.106 +0.226 +0.749 +0.613
611,122200,49.393902108073235,200,0.11113177925420523,-0.012 -0.847 +0.212 +0.488
612,122400,-25.013854257762432,200,0.026399001039570144,+0.831 +0.441 -0.132 +0.312
613,122600,4837.382941365242,200,0.3922087912828511,-0.287 -0.672 +0.526 +0.435
614,122800,241.5487156584859,200,0.06335803624327646,+0.171 +0.984 -0.024 +0.045
615,123000,9789.534909009933,200,0.4707270679890783,+0.103 +0.721 +0.140 +0.671
616,123200,77.99535948038101,200,0.03956206622468004,+0.320 -0.312 -0.294 +0.845
617,123400,-824.9240516424179,200,0.2832752215298203,-0.120 +0.559 -0.625 +0.532
618,123600,11754.715448200703,200,0.5707241035463868,-0.958 +0.207 -0.112 +0.161
619,123800,6105.063418477774,200,0.4737560934488991,+0.107 -0.175 +0.302 -0.931
620,124000,98.87690348457545,200,0.04097636892475357,+0.748 +0.094 +0.061 -0.654
621,124200,9310.295704007149,200,0.37694138165973246,-0.076 -0.429 +0.284 -0.854
622,124400,-192.06584322452545,200,0.04022319636556327,+0.592 -0.761 -0.244 +0.107
623,124600,-246.21645256876945,200,0.032583896498034844,+0.506 -0.301 -0.190 -0.786
624,124800,82.854168176651,200,0.03934780184391974,+0.165 +0.742 -0.469 +0.450
625,125000,103.99020493030548,200,0.03653276645823455,+0.709 -0.316 +0.428 +0.462
626,125200,397.5226273536682,200,0.11998927959348862,-0.147 +0.772 -0.485 +0.382
627,125400,121.54947067797184,200,0.028043335917280997,+0.109 +0.743 -0.579 -0.318
628,125600,-184.42033103108406,200,0.04046449296013057,+0.163 -0.637 -0.620 -0.429
629,125800,54.229033395648,200,0.0335658630526007,+0.810 +0.385 -0.219 -0.386
630,126000,391.4123015627265,200,0.04867130284281248,+0.027 -0.677 +0.080 +0.731
631,126200,7716.65190911293,200,0.3299384886970766,-0.523 +0.403 -0.023 -0.751
632,126400,12317.479966759682,200,0.5517917069616991,-0.412 +0.446 -0.012 +0.794
633,126600,137.154232904315,200,0.03631023702927355,+0.268 +0.870 -0.301 +0.284
634,126800,11609.0535351336,200,0.4095046631442991,-0.270 +0.242 +0.882 -0.303
635,127000,-30.56450843811035,200,0.1564688328758697,+0.189 +0.879 +0.256 -0.355
636,127200,-202.35993383079767,200,0.03831864634274365,-0.120 +0.272 -0.426 +0.854
637,127400,16136.108822152019,200,0.5965338800255455,-0.522 +0.214 +0.822 -0.082
638,127600,1620.5556924641132,200,0.22447456752468348,+0.301 +0.374 +0.342 -0.808
639,127800,-1.275270253419876,200,0.040743893173933905,+0.610 -0.043 -0.311 +0.727
640,128000,7819.898090943694,200,0.5221652993690677,-0.880 +0.086 -0.441 -0.154
641,128200,-103.89755338430405,200,0.03243893919349626,+0.697 -0.547 -0.455 +0.087
642,128400,12945.643432676792,200,0.6028474735217821,-0.755 -0.312 +0.574 +0.058
643,128600,3516.8259713463485,200,0.3508184962802647,+0.747 +0.017 +0.347 -0.567
644,128800,1820.8542796969414,200,0.09557983293710554,+0.234 -0.781 +0.421 +0.397
645,129000,-147.4212072789669,200,0.03543864529723162,+0.228 -0.099 -0.680 +0.690
646,129200,-156.49796724319458,200,0.03614301410942815,-0.575 -0.541 -0.595 -0.152
647,129400,3561.7661975324154,200,0.4037234700273423,-0.041 -0.261 +0.835 +0.483
648,129600,13697.283246606588,200,0.6419757560255619,-0.717 -0.079 +0.587 +0.367
649,129800,-354.6249082200229,200,0.044329060492323574,+0.093 -0.084 -0.978 +0.168
650,130000,133.57322646677494,200,0.03766021424768433,-0.230 +0.636 -0.603 +0.423
651,130200,4983.395182132721,200,0.32078925596874197,-0.161 +0.608 +0.386 -0.675
652,130400,-60.96352130174637,200,0.04212035648408695,-0.024 -0.737 -0.329 +0.590
653,130600,13717.067707687616,200,0.5720296570269036,-0.137 +0.609 +0.652 +0.431
654,130800,0.6526535749435425,200,0.028265604972330764,-0.501 +0.074 -0.462 +0.728
655,131000,11895.533951580524,200,0.35439406298736587,+0.011 -0.154 +0.977 +0.147
656,131200,5044.415662407875,200,0.47437921853702697,-0.616 +0.589 -0.521 -0.043
657,131400,-85.39860412478447,200,0.03633023290064315,+0.800 -0.263 -0.462 -0.278
658,131600,18.7022695094347,200,0.03302752453592676,+0.804 +0.140 +0.222 -0.534
659,131800,111.17478358745575,200,0.02854090440046924,+0.531 -0.378 -0.728 +0.213
660,132000,-40.755407109856606,200,0.023635246399731007,+0.845 +0.427 -0.178 -0.267
661,132200,1268.4434374719858,200,0.1700527231156026,+0.310 -0.614 +0.645 +0.333
662,132400,4026.5721530914307,200,0.34023591640749373,-0.550 +0.455 -0.285 +0.639
663,132600,4603.043790880591,200,0.3318030047140587,-0.792 -0.457 +0.064 +0.400
664,132800,123.13677609711885,200,0.042867167328534024,+0.252 +0.697 -0.659 +0.133
665,133000,13735.127304419875,200,0.5059366342723357,-0.538 -0.323 +0.779 +0.010
666,133200,13111.639846146107,200,0.44630095328447106,+0.051 +0.919 +0.391 +0.011
667,133400,-71.39962458610535,200,0.042214148115318074,+0.696 -0.245 -0.358 +0.573
668,133600,-9.294037740677595,200,0.042193177498580384,+0.233 -0.159 -0.195 +0.939
669,133800,-444.6753901615739,200,0.04903880701753425,+0.300 +0.077 -0.792 +0.526
670,134000,122.30478969216347,200,0.04687373521987302,+0.396 -0.444 -0.237 +0.768
671,134200,11197.1243288517,200,0.42118985871287973,-0.541 +0.142 +0.486 +0.672
672,134400,-11.192803665995598,200,0.035800732131303324,-0.199 -0.379 -0.519 +0.740
673,134600,78.50108910351992,200,0.030131192272895096,-0.156 +0.592 -0.267 -0.744
674,134800,7056.990710377693,200,0.5282328858126866,-0.113 +0.805 -0.173 +0.557
675,135000,11.918340090662241,200,0.03771626629861828,+0.291 +0.563 -0.712 +0.303
676,135200,181.76959133148193,200,0.05743248882382259,-0.556 +0.048 -0.347 -0.753
677,135400,11247.720589101315,200,0.44197781089398563,-0.635 +0.054 +0.658 +0.401
678,135600,-8.12148579955101,200,0.07617557924600478,+0.701 -0.237 +0.499 +0.451
679,135800,-75.4889794588089,200,0.034098414901883346,+0.473 +0.778 -0.302 -0.285
680,136000,10078.377732396126,200,0.3959917980082895,-0.538 +0.792 -0.186 -0.221
681,136200,5064.065876536071,200,0.4186608909101285,-0.893 -0.385 +0.150 +0.177
682,136400,3628.7637078762054,200,0.4678764014445117,-0.027 -0.501 +0.596 +0.627
683,136600,5343.909734338522,200,0.35818175993207113,-0.038 +0.556 -0.164 +0.814
684,136800,11658.268220543861,200,0.3368405182347325,+0.217 -0.578 +0.701 -0.357
685,137000,32.046496123075485,200,0.04130102389112024,+0.045 -0.276 -0.960 +0.000
686,137200,96.2725397348404,200,0.027128286368672518,+0.239 +0.093 +0.217 +0.942
687,137400,243.2535904943943,200,0.03828973465870238,-0.680 -0.673 -0.242 +0.162
688,137600,-117.2752843350172,200,0.043511660182345965,-0.342 +0.342 -0.462 -0.743
689,137800,9912.613893926144,200,0.28810851641495533,+0.563 -0.501 +0.504 -0.422
690,138000,97.61265610158443,200,0.0667532204849393,+0.594 -0.279 +0.225 +0.720
691,138200,-54.61234803497791,200,0.0380152905448718,+0.886 +0.058 -0.003 -0.459
692,138400,7.667445480823517,200,0.04281459635640788,-0.152 -0.564 -0.128 +0.802
693,138600,-71.57026696205139,200,0.024469994419735863,+0.490 -0.065 -0.798 +0.345
694,138800,-66.06963799148798,200,0.030270981560206037,-0.380 -0.085 -0.065 +0.919
695,139000,493.38919308781624,200,0.05651398894355783,-0.038 +0.788 -0.229 +0.570
696,139200,-4.63424713909626,200,0.03809101713698954,+0.687 +0.419 +0.238 -0.543
697,139400,-39.906704902648926,200,0.02788385762510523,-0.345 -0.586 -0.689 -0.252
698,139600,161.9367333650589,200,0.03392769919653166,+0.824 -0.443 -0.354 +0.018
699,139800,-88.70950115472078,200,0.032202114226676536,+0.622 +0.431 -0.087 +0.648
700,140000,-73.76616179943085,200,0.032566723174168484,+0.494 -0.858 -0.121 -0.074
701,140200,13858.132215380669,200,0.4509749136076859,-0.797 +0.496 +0.343 +0.007
702,140400,-34.28042082488537,200,0.034255146189823574,-0.405 -0.091 -0.327 +0.849
703,140600,-13.456138968467712,200,0.03860320863311146,+0.391 +0.757 +0.161 +0.498
704,140800,13998.642403498292,200,0.6719206738142803,-0.469 +0.072 +0.747 -0.466
705,141000,53.38562673330307,200,0.029644564207958964,+0.840 +0.290 +0.203 -0.411
706,141200,-84.17172418534756,200,0.03168228728519098,+0.133 -0.332 -0.757 +0.547
707,141400,10966.047796964645,200,0.5377749545155798,+0.240 +0.346 +0.470 +0.776
708,141600,197.2708064466715,200,0.03874384539272952,-0.008 +0.416 -0.809 -0.415
709,141800,5319.171845853329,200,0.3096098588556219,-0.023 +0.950 -0.309 -0.050
710,142000,2217.7026957273483,200,0.051664908775389914,+0.152 -0.933 +0.302 -0.121
711,142200,436.5697570592165,200,0.0662442977011888,+0.155 -0.593 +0.382 +0.692
712,142400,8642.141975492239,200,0.44911803365719977,-0.273 +0.862 -0.282 -0.321
713,142600,56.76239609718323,200,0.03906963620790055,-0.361 +0.130 -0.867 -0.318
714,142800,5486.249208390713,200,0.3192740544534851,+0.457 -0.570 +0.681 +0.053
715,143000,8442.423735946417,200,0.6206596337497435,-0.862 -0.091 +0.153 +0.475
716,143200,-102.14315243065357,200,0.03466740529894913,+0.180 -0.147 -0.494 +0.838
717,143400,-702.5719935819507,200,0.07062855698362004,-0.638 -0.536 -0.181 +0.523
718,143600,22.582206696271896,200,0.03619319942519793,-0.132 +0.046 -0.925 +0.355
719,143800,7761.870576523244,200,0.3468052420705181,-0.393 +0.575 +0.044 +0.716
720,144000,-18.757875621318817,200,0.027505065348111188,+0.393 -0.604 -0.094 +0.687
721,144200,-78.90128862857819,200,0.034603279428785244,+0.196 -0.863 -0.274 +0.377
722,144400,336.92413344047964,200,0.06204991430512044,-0.741 -0.640 -0.105 -0.173
723,144600,469.02265560626984,200,0.057459958410143876,+0.355 +0.301 +0.088 -0.880
724,144800,7838.171348243952,200,0.34619935079657643,-0.475 +0.660 -0.034 +0.581
725,145000,2282.529804213904,200,0.30837530495121873,-0.728 -0.136 -0.199 -0.641
726,145200,-59.147870659828186,200,0.03178347391914446,+0.857 +0.224 +0.425 -0.187
727,145400,13494.594462871552,200,0.6665668447629692,-0.517 +0.450 -0.114 +0.719
728,145600,-187.1571777537465,200,0.034177845320156386,-0.122 -0.335 -0.329 +0.875
729,145800,13145.485696673393,200,0.6083251795366682,-0.584 +0.461 +0.227 -0.628
730,146000,10.933592677116394,200,0.03315475081538073,-0.542 +0.263 -0.644 +0.471
731,146200,6047.609331488609,200,0.5051363883906301,-0.444 +0.444 -0.458 +0.630
732,146400,-154.6857971549034,200,0.039435108082582764,+0.588 -0.033 -0.802 +0.101
733,146600,-251.26519638299942,200,0.08323085199954071,+0.964 +0.219 +0.145 -0.043
734,146800,-54.91673028469086,200,0.035232982195674174,+0.429 -0.576 -0.335 -0.610
735,147000,47.34348598122597,200,0.03606142940821452,+0.475 +0.867 +0.106 +0.108
736,147200,14995.194203436375,200,0.46541935787779587,-0.494 +0.727 +0.475 -0.037
737,147400,-4.534842073917389,200,0.030553702222538212,+0.480 +0.339 -0.744 -0.317
738,147600,8920.319617390633,200,0.5200838328785454,+0.262 +0.703 +0.052 +0.659
739,147800,6541.129452422261,200,0.4813277119269785,+0.111 -0.017 +0.702 +0.703
740,148000,-4.957228139042854,200,0.034965965822768265,-0.072 -0.023 -0.568 -0.820
741,148200,515.5747283101082,200,0.036037258030792794,-0.535 +0.186 -0.824 -0.023
742,148400,5677.205018877983,200,0.5563494932875668,-0.851 +0.052 -0.280 +0.442
743,148600,1618.7034809291363,200,0.1766951735730719,-0.495 -0.532 -0.349 -0.591
744,148800,5380.671706221998,200,0.5815035985262434,-0.560 -0.120 -0.102 +0.814
745,149000,13082.720426142216,200,0.7322290949159517,-0.660 +0.155 +0.494 -0.544
746,149200,-81.3519329726696,200,0.038747916688332995,-0.499 -0.191 -0.839 +0.104
747,149400,73.05134752392769,200,0.03869474020320153,+0.613 -0.142 -0.776 -0.041
748,149600,-178.63245475292206,200,0.03485291863478682,+0.165 -0.788 +0.033 +0.592
749,149800,7908.031897068024,200,0.36843019212183903,-0.859 -0.097 +0.321 +0.387
750,150000,7847.424680382013,200,0.4363632596334944,-0.191 +0.871 -0.209 -0.402
751,150200,3606.6586862802505,200,0.2770086662460264,-0.516 -0.251 -0.258 -0.778
752,150400,2238.7894724309444,200,0.11816742523874922,+0.079 -0.502 -0.360 -0.782
753,150600,21617.191696047783,200,0.5684375208258245,-0.697 +0.530 +0.219 +0.430
754,150800,-177.90038262307644,200,0.03858288467718028,+0.067 -0.788 -0.260 +0.554
755,151000,3.4672409892082214,200,0.029038127741731888,+0.115 +0.355 -0.785 +0.494
756,151200,7467.945045351982,200,0.3957113733196444,-0.340 -0.027 +0.405 +0.848
757,151400,7700.877828836441,200,0.4129669843481963,-0.758 +0.409 -0.300 +0.409
758,151600,14841.075728207827,200,0.6355771859084173,-0.479 -0.103 +0.866 -0.103
759,151800,16975.95696091652,200,0.5135564875572863,-0.497 +0.581 +0.635 +0.111
760,152000,100.77029250562191,200,0.03699145164253116,-0.682 -0.569 -0.016 +0.460
761,152200,37.24461269378662,200,0.031123967539516968,+0.968 +0.145 +0.038 -0.203
762,152400,80.74676764011383,200,0.03057096313112008,+0.752 +0.284 +0.590 +0.077
763,152600,7945.390651464462,200,0.572538563258696,+0.173 +0.533 +0.276 +0.781
764,152800,-162.79422560334206,200,0.03712177511028469,+0.541 +0.166 +0.015 +0.824
765,153000,7590.4337738752365,200,0.24097309260127497,-0.073 -0.439 +0.870 +0.211
766,153200,1.404473066329956,200,0.03793347873397719,+0.715 +0.574 +0.175 -0.359
767,153400,8193.394679896533,200,0.4551116958032922,-0.667 +0.360 +0.156 -0.634
768,153600,32.30682650208473,200,0.03290091256360433,+0.981 -0.173 -0.004 -0.094
769,153800,-14.607559323310852,200,0.03413479150952834,-0.430 -0.051 -0.722 +0.539
770,154000,295.85639710724354,200,0.16441464091139366,-0.035 +0.859 -0.463 -0.214
771,154200,9284.411566495895,200,0.3811439289730768,-0.757 +0.623 +0.089 -0.175
772,154400,30.14299190044403,200,0.034378932026471486,-0.055 -0.219 -0.681 -0.697
773,154600,236.78675484657288,200,0.06480729714093648,-0.268 -0.726 -0.432 -0.464
774,154800,6380.926271736622,200,0.30171765000684464,-0.565 +0.713 -0.328 +0.254
775,155000,14.452321946620941,200,0.03367301715433936,+0.709 +0.104 -0.342 -0.607
776,155200,6377.281749337912,200,0.29308780156399233,+0.147 -0.755 +0.625 +0.132
777,155400,538.4649819731712,200,0.08784714246620717,+0.658 -0.271 +0.655 +0.254
778,155600,61.70834892988205,200,0.03824701986926896,-0.052 +0.440 -0.694 +0.567
779,155800,52.326684683561325,200,0.03654321988233948,-0.409 -0.208 -0.345 +0.819
780,156000,3322.056529581547,200,0.1283039634502257,+0.675 -0.391 +0.157 -0.606
781,156200,7070.17320394516,200,0.43642753818872604,-0.984 -0.048 -0.025 +0.170
782,156400,5399.667385369539,200,0.3271426307529644,-0.910 -0.391 +0.130 +0.038
783,156600,28.45353752374649,200,0.017944771880892513,+0.181 +0.657 -0.403 -0.610
784,156800,-22.38289040327072,200,0.035287356955647615,+0.830 -0.165 -0.519 +0.115
785,157000,-104.29968965053558,200,0.04140366389433139,+0.273 -0.155 -0.946 -0.085
786,157200,20.44256481528282,200,0.028199832823562764,+0.222 -0.360 -0.515 +0.746
787,157400,12408.225194573402,200,0.5296382738853713,-0.364 -0.014 +0.914 -0.179
788,157600,1831.4778597950935,200,0.07348057134927555,-0.279 -0.958 +0.007 -0.062
789,157800,7668.979468896985,200,0.5417704034779195,+0.162 +0.476 +0.562 -0.657
790,158000,2996.765867859125,200,0.5528685569463948,-0.423 +0.635 -0.395 -0.511
791,158200,5386.544614374638,200,0.5445673320164294,+0.105 +0.313 +0.240 -0.913
792,158400,-27.18267934024334,200,0.031240722854426594,+0.502 -0.071 -0.649 +0.567
793,158600,839.8181975781918,200,0.09615959770023468,+0.766 -0.288 +0.495 -0.294
794,158800,136.85992136597633,200,0.03558725310779464,+0.680 -0.258 -0.148 +0.670
795,159000,15.88795718550682,200,0.03623839116733695,+0.665 +0.614 +0.054 -0.420
796,159200,13900.490461349487,200,0.6825761819071697,-0.759 +0.138 +0.415 -0.482
797,159400,403.07199455052614,200,0.04895697305419952,-0.467 -0.818 -0.106 +0.320
798,159600,2074.2085260152817,200,0.07684657339050628,-0.127 -0.836 +0.261 +0.466
799,159800,18258.622011184692,200,0.6708280956542804,-0.663 +0.611 +0.238 +0.361
800,160000,14904.612951517105,200,0.5959979373657739,-0.728 -0.022 +0.681 +0.076
801,160200,106.63425272703171,200,0.07142775534599964,-0.611 -0.559 -0.479 -0.290
802,160400,5693.869159758091,200,0.25156317107701415,-0.694 -0.199 +0.074 -0.688
803,160600,84.86452984809875,200,0.03244089824230038,-0.396 +0.107 -0.785 +0.465
804,160800,18028.071323413402,200,0.747752891981685,-0.583 +0.388 +0.693 -0.170
805,161000,9767.960653662682,200,0.40824740186231345,-0.104 +0.190 +0.772 +0.598
806,161200,35.90774551033974,200,0.044808226620455305,+0.294 -0.260 -0.893 +0.218
807,161400,52.002795696258545,200,0.023285119032135333,+0.916 +0.277 -0.232 -0.175
808,161600,2431.7294229865074,200,0.23132593374411725,+0.052 +0.473 -0.247 +0.844
809,161800,5548.4816344976425,200,0.2852157427112429,-0.383 +0.809 -0.394 -0.209
810,162000,22.296932101249695,200,0.03837095949592342,+0.613 +0.132 -0.360 +0.690
811,162200,4775.270547747612,200,0.23161239192788013,-0.542 -0.357 -0.132 -0.749
812,162400,270.41616916656494,200,0.3877386428192899,+0.472 +0.874 -0.056 -0.100
813,162600,8421.764314547181,200,0.45606104026589844,-0.697 +0.593 -0.369 +0.160
814,162800,2304.0159814581275,200,0.09276899505082388,-0.290 -0.763 +0.578 -0.033
815,163000,89.42134261131287,200,0.0301080577115698,+0.857 -0.217 +0.388 +0.261
816,163200,-27.97510366141796,200,0.035452710249477874,-0.005 +0.321 -0.784 -0.532
817,163400,-28.994342654943466,200,0.034946247146188006,-0.085 +0.662 -0.656 +0.353
818,163600,67.19797241687775,200,0.03066441160892687,+0.932 +0.032 +0.163 -0.321
819,163800,2474.6782371401787,200,0.2271069332292752,-0.668 -0.590 +0.078 +0.448
820,164000,11672.997132778168,200,0.6155514544930519,-0.669 -0.156 +0.720 -0.102
821,164200,5.12361603975296,200,0.03546202885148126,-0.414 -0.485 -0.755 +0.153
822,164400,45.261927992105484,200,0.0386223372689533,+0.472 +0.096 -0.835 -0.267
823,164600,11612.744602739811,200,0.42451956333734686,-0.890 +0.330 +0.311 +0.040
824,164800,7652.701343685389,200,0.32763291842376047,-0.005 +0.263 +0.525 +0.809
825,165000,5878.959801726043,200,0.4666711176837808,+0.259 -0.193 +0.945 +0.048
826,165200,-181.3263051211834,200,0.034127742467014534,+0.520 +0.391 -0.756 -0.073
827,165400,4694.198502447456,200,0.3025136289422094,-0.120 +0.676 +0.028 +0.727
828,165600,6377.620555996895,200,0.3547249416117053,-0.366 +0.907 -0.205 -0.029
829,165800,79.33055484294891,200,0.031884130232311826,+0.635 +0.137 +0.419 +0.634
830,166000,3379.0557892620564,200,0.48345795549592824,+0.182 +0.164 +0.961 -0.127
831,166200,8073.767164826393,200,0.4557879130767831,+0.133 +0.567 +0.745 -0.326
832,166400,215.640416264534,200,0.05383883841987811,+0.141 -0.355 -0.435 +0.815
833,166600,86.42936223745346,200,0.03333552570762143,+0.154 -0.455 -0.644 -0.595
834,166800,12433.714962542057,200,0.4920342529201626,-0.435 +0.853 +0.052 +0.285
835,167000,1562.0064676404,200,0.1304592200043958,-0.300 -0.203 -0.221 -0.906
836,167200,62.894780457019806,200,0.02986472285953648,+0.180 -0.937 -0.279 +0.104
837,167400,-155.9399471282959,200,0.036841749112551204,+0.595 -0.426 -0.406 -0.547
838,167600,-183.87609116733074,200,0.03460406819699934,+0.795 +0.276 -0.154 +0.517
839,167800,9160.1064254269,200,0.25225905585197994,-0.112 -0.552 +0.819 -0.113
840,168000,5379.086219787598,200,0.3470524888770425,-0.118 -0.428 +0.738 +0.509
841,168200,7.6304030418396,200,0.02989460449955787,+0.568 -0.752 -0.335 -0.011
842,168400,15875.420668005943,200,0.6974912191441184,-0.626 +0.271 +0.537 +0.497
843,168600,741.2855894565582,200,0.05448574760436696,-0.426 -0.438 -0.066 -0.789
844,168800,13627.263826489449,200,0.5673549330398752,-0.445 +0.505 +0.643 -0.364
845,169000,155.47990810871124,200,0.04016043677985338,+0.051 -0.970 -0.230 -0.069
846,169200,6498.538085997105,200,0.5326543049749588,-0.298 +0.629 -0.427 +0.578
847,169400,1714.0654751956463,200,0.23075329752620782,-0.775 +0.234 -0.585 -0.049
848,169600,-16.42138282954693,200,0.02790421796525214,+0.694 +0.517 -0.060 +0.497
849,169800,7473.1540404856205,200,0.498265628184034,-0.216 +0.014 +0.298 +0.930
850,170000,9208.41874718666,200,0.6005017147673652,-0.802 +0.250 -0.048 -0.540
851,170200,-98.85572105646133,200,0.05388283012546253,+0.522 -0.401 -0.280 -0.699
852,170400,33.084682151675224,200,0.03245830740554484,-0.061 +0.255 -0.203 -0.943
853,170600,-12.31862360239029,200,0.030179133845797564,+0.770 +0.563 -0.295 +0.051
854,170800,14936.584961950779,200,0.5943849490335072,-0.255 -0.092 +0.953 +0.136
855,171000,12476.25040847063,200,0.5582608987960115,-0.727 +0.539 +0.093 -0.416
856,171200,32.98448580503464,200,0.031995834681553856,+0.627 +0.054 -0.742 +0.234
857,171400,-83.9860180169344,200,0.07914027888901523,+0.730 -0.491 +0.444 +0.173
858,171600,16344.660403043032,200,0.6611780838637442,-0.556 +0.717 +0.420 +0.020
859,171800,129.82799172401428,200,0.033438894634687494,+0.796 +0.193 -0.550 +0.162
860,172000,-29.946015059947968,200,0.03572773913626797,+0.107 +0.203 -0.654 -0.720
861,172200,3694.787568554282,200,0.13471757168314918,+0.086 +0.390 +0.088 +0.913
862,172400,-0.6858272440731525,200,0.05112012881282436,-0.492 -0.639 -0.294 -0.512
863,172600,10727.633751630783,200,0.6337166429914337,-0.644 +0.355 +0.176 -0.655
864,172800,132.65091788768768,200,0.03632232510392038,+0.513 -0.468 -0.537 +0.479
865,173000,5150.273529738188,200,0.31994067005796056,-0.837 -0.136 +0.014 -0.530
866,173200,1678.1847455501556,200,0.1735553141977861,+0.491 +0.327 +0.760 +0.272
867,173400,-158.8183217048645,200,0.03551475008895328,+0.343 -0.471 +0.304 +0.754
868,173600,-395.037123830989,200,0.06438059145170455,+0.684 -0.458 -0.561 -0.084
869,173800,9677.296461611986,200,0.6068249137271373,-0.988 -0.123 -0.063 +0.066
870,174000,-15.761094480752945,200,0.042881632320812886,+0.817 +0.236 -0.193 +0.489
871,174200,-102.21745977550745,200,0.03737537474453273,-0.113 +0.828 -0.543 -0.087
872,174400,-77.83386406302452,200,0.062471431582626566,+0.603 -0.480 -0.055 -0.635
873,174600,14045.781280040741,200,0.4382168660279657,-0.040 +0.745 +0.585 +0.318
874,174800,216.13251105695963,200,0.04686780611407436,+0.004 -0.891 -0.049 -0.451
875,175000,1493.7284620404243,200,0.32836900957839066,+0.755 +0.076 +0.571 -0.314
876,175200,-298.96045261621475,200,0.09198559199431272,+0.746 +0.169 +0.174 -0.620
877,175400,175.82282185554504,200,0.5118053546779388,-0.658 -0.608 +0.160 +0.415
878,175600,42.97448241710663,200,0.03866007102811607,+0.166 +0.379 -0.456 -0.788
879,175800,-143.33586329221725,200,0.03909120689403104,-0.452 +0.190 -0.862 +0.131
880,176000,-187.73824844509363,200,0.0351821075569696,+0.652 -0.615 -0.271 +0.351
881,176200,31.052834928035736,200,0.03413667970121693,+0.428 +0.007 +0.565 +0.705
882,176400,7069.483174532652,200,0.43334275372332237,-0.847 +0.382 -0.263 +0.257
883,176600,13.144234627485275,200,0.037808813449837185,+0.769 -0.159 -0.234 +0.573
884,176800,11885.636032938957,200,0.5271308780619499,-0.827 +0.117 +0.216 +0.506
885,177000,3403.1175583358854,200,0.11856211088943851,-0.403 -0.911 +0.087 -0.004
886,177200,-6.493551671504974,200,0.026905028157526663,+0.378 -0.696 +0.169 +0.587
887,177400,89.56830777227879,200,0.17072451877911043,+0.607 +0.792 -0.007 +0.057
888,177600,10622.38062095642,200,0.6244280593285102,+0.265 +0.445 +0.183 +0.836
889,177800,-176.51980048418045,200,0.0381896596049097,+0.847 +0.287 -0.425 +0.141
890,178000,-258.8814764395356,200,0.04035746923034075,+0.688 -0.622 -0.173 -0.331
891,178200,-132.43806120753288,200,0.05780803024103009,+0.370 -0.150 -0.037 -0.916
892,178400,-604.4855836033821,200,0.07831003871877257,+0.535 +0.397 -0.132 +0.734
893,178600,8938.2279150486,200,0.6168866151589655,-0.501 +0.677 -0.175 -0.510
894,178800,162.73346376419067,200,0.03640898985237802,+0.385 +0.416 +0.807 -0.165
895,179000,8.55009289085865,200,0.03523840271371867,+0.634 +0.127 +0.585 -0.490
896,179200,885.0823006741703,200,0.09959265358062695,+0.036 -0.939 +0.174 -0.294
897,179400,3981.5854586958885,200,0.42430595827831735,-0.444 -0.001 +0.165 -0.881
898,179600,-86.30405922979116,200,0.0654257369893586,+0.124 +0.445 -0.152 +0.874
899,179800,4420.025141246617,200,0.28219958642120746,-0.429 -0.755 +0.496 -0.026
900,180000,-46.712399661540985,200,0.030271521896444137,-0.389 -0.679 -0.529 +0.328
901,180200,-175.74016812443733,200,0.03653013975865862,+0.612 -0.349 +0.181 +0.687
902,180400,92.85371124744415,200,0.03477483558929839,-0.522 +0.389 -0.325 -0.687
903,180600,-81.51318621635437,200,0.034434204049311676,+0.489 +0.303 -0.818 -0.013
904,180800,5770.543015837669,200,0.3278192538101528,-0.586 -0.106 +0.137 -0.791
905,181000,143.98233404755592,200,0.03505610729516029,-0.093 +0.081 -0.525 +0.842
906,181200,3260.863160133362,200,0.528797839039671,+0.391 +0.089 +0.165 -0.901
907,181400,-89.05951428413391,200,0.0341232692269942,+0.676 -0.647 -0.284 +0.209
908,181600,-15.382552333176136,200,0.03806303727020522,+0.595 -0.162 +0.544 +0.569
909,181800,24.090290874242783,200,0.03653230612378357,+0.358 +0.645 -0.646 -0.197
910,182000,9837.88234269619,200,0.4414414948260804,-0.657 -0.040 +0.654 -0.372
911,182200,192.17970490455627,200,0.03245620626599408,+0.509 -0.151 -0.847 +0.034
912,182400,-198.54715785384178,200,0.039306604616602354,+0.222 +0.038 -0.585 -0.779
913,182600,-143.8827869296074,200,0.03938655551966057,+0.480 -0.670 -0.064 +0.563
914,182800,667.1623412966728,200,0.05835525083934931,+0.593 -0.452 +0.246 -0.619
915,183000,6773.677224040031,200,0.23591551657441698,-0.385 -0.809 +0.210 -0.391
916,183200,5295.534618914127,200,0.7345260313391005,+0.098 -0.149 +0.617 +0.767
917,183400,-44.53560909628868,200,0.03263454345577466,+0.273 +0.100 -0.731 +0.617
918,183600,-378.4944119602442,200,0.041862039280524975,+0.732 -0.341 -0.238 +0.540
919,183800,-16.039541706442833,200,0.037161204143000844,+0.043 -0.409 +0.482 +0.774
920,184000,96.75496654212475,200,0.04001201663194058,+0.483 +0.463 +0.546 -0.505
921,184200,-13.311136573553085,200,0.039870097170673746,+0.709 +0.491 -0.213 -0.460
922,184400,-136.73177681863308,200,0.03794799445294221,+0.918 +0.092 -0.386 -0.014
923,184600,7249.381232559681,200,0.5933477559200113,+0.008 +0.136 +0.612 -0.779
924,184800,7438.534239649773,200,0.46751717345214483,-0.822 +0.267 -0.437 +0.249
925,185000,-65.6549623310566,200,0.025282628786764037,+0.200 +0.517 -0.821 -0.134
926,185200,9114.726292610168,200,0.4204766651319053,-0.759 -0.115 +0.359 -0.532
927,185400,56.43738141655922,200,0.051564721813262646,+0.889 +0.255 -0.380 +0.003
928,185600,507.65676344931126,200,0.11350905944428467,+0.060 +0.970 -0.236 -0.019
929,185800,-216.01671242713928,200,0.036507103804635274,+0.212 -0.940 -0.203 -0.175
930,186000,110.66604149341583,200,0.030732189166708803,+0.689 +0.489 +0.398 -0.358
931,186200,3956.4071665108204,200,0.1472523158802716,-0.417 +0.535 -0.499 +0.539
932,186400,-289.7650247812271,200,0.049173427150706564,-0.234 +0.248 -0.930 -0.138
933,186600,4.52344536781311,200,0.031628004157232895,-0.256 -0.092 -0.599 +0.753
934,186800,7360.983366578817,200,0.47009233729980926,-0.090 +0.342 +0.665 -0.658
935,187000,83.92997679114342,200,0.043562789426916854,-0.175 +0.916 -0.043 -0.358
936,187200,1624.9688444770873,200,0.15790412563606868,-0.081 +0.911 -0.270 +0.300
937,187400,-93.99806642532349,200,0.029375460580471753,+0.615 -0.686 -0.322 +0.218
938,187600,81.19265919923782,200,0.0382465371233424,+0.482 +0.043 -0.864 +0.140
939,187800,-4.959033291786909,200,0.03144952408137825,+0.466 +0.672 -0.573 +0.051
940,188000,6007.103419214487,200,0.19091464426184646,+0.108 -0.616 -0.030 -0.780
941,188200,16715.384488403797,200,0.7172844214318691,-0.256 +0.800 +0.378 -0.389
942,188400,71.88770471513271,200,0.09023741220177334,+0.414 +0.712 +0.260 -0.504
943,188600,18835.598638236523,200,0.5843239634963769,-0.460 +0.668 +0.578 +0.093
944,188800,-29.798315584659576,200,0.03573095022750616,+0.303 -0.852 -0.289 +0.314
945,189000,35.51522773504257,200,0.04014916413026666,+0.396 -0.705 -0.589 +0.019
946,189200,-156.70686900615692,200,0.042166155446191574,-0.358 -0.428 -0.695 +0.452
947,189400,14.046149849891663,200,0.04130730842594894,+0.500 +0.835 +0.003 +0.229
948,189600,798.7915442287922,200,0.061728894926580395,-0.658 -0.241 +0.014 -0.713
949,189800,16194.54494741559,200,0.5280121439637367,-0.881 +0.101 +0.419 +0.196
950,190000,3682.6084474772215,200,0.2660615100677718,-0.665 -0.413 +0.112 +0.612
951,190200,101.98045188188553,200,0.039596789289004376,+0.418 -0.670 -0.242 +0.564
952,190400,8463.443588003516,200,0.5328334301578925,-0.493 -0.250 +0.359 +0.752
953,190600,22.00023157708347,200,0.039405313391875,+0.500 -0.753 -0.352 -0.242
954,190800,11493.486650109291,200,0.45832193444209623,-0.206 +0.879 +0.313 +0.295
955,191000,11044.492140889168,200,0.4612498334459286,-0.214 +0.764 +0.604 +0.075
956,191200,-33.13242667913437,200,0.029837933555144126,+0.236 -0.810 -0.173 +0.508
957,191400,11.231636047363281,200,0.03264293908032282,+0.154 +0.773 -0.340 +0.512
958,191600,10801.585109233856,200,0.5475190295843275,-0.856 +0.334 +0.177 -0.353
959,191800,-139.35973359644413,200,0.030818126018627674,+0.438 -0.739 -0.392 -0.328
960,192000,34.71316742897034,200,0.036866686852459585,+0.658 +0.546 -0.515 +0.057
961,192200,4.03635723143816,200,0.036100331487836146,+0.594 -0.694 -0.376 +0.157
962,192400,12091.365969240665,200,0.4695191132092867,-0.494 +0.534 -0.141 +0.672
963,192600,8355.755333930254,200,0.43720079074916507,-0.837 -0.398 +0.362 -0.098
964,192800,-156.72740769386292,200,0.030880857978037093,+0.648 +0.053 -0.299 -0.698
965,193000,10.284849762916565,200,0.03582153850580187,+0.805 -0.018 +0.590 -0.056
966,193200,9448.02101431787,200,0.331827447903678,-0.303 -0.234 +0.820 -0.426
967,193400,11542.0008828789,200,0.5989056826323057,-0.597 +0.429 +0.404 +0.544
968,193600,20.36880211532116,200,0.03134115525952974,+0.798 +0.029 +0.601 -0.044
969,193800,-141.26620090007782,200,0.03755266069014727,+0.798 -0.452 -0.056 +0.394
970,194000,-80.50105047225952,200,0.034769431343061576,-0.116 +0.161 -0.941 +0.273
971,194200,9848.155538320541,200,0.57542880908093,-0.745 -0.121 +0.501 +0.424
972,194400,4826.198482602835,200,0.23633774957479226,-0.465 -0.491 -0.270 -0.685
973,194600,9199.622262954712,200,0.3813635020028464,+0.265 +0.623 +0.678 +0.286
974,194800,3199.978177368641,200,0.14194879475254735,+0.624 +0.576 +0.356 +0.391
975,195000,-54.83139169216156,200,0.031754223631623994,+0.516 +0.287 +0.073 +0.804
976,195200,3529.8979294598103,200,0.3730733432530697,+0.107 +0.781 -0.065 -0.612
977,195400,4123.129544284195,200,0.11818655913399315,+0.033 -0.932 +0.326 +0.155
978,195600,9601.330434136093,200,0.528629982823861,-0.048 +0.989 -0.075 -0.120
979,195800,-8.462706334888935,200,0.0355912982630639,+0.185 -0.558 -0.050 +0.807
980,196000,4797.531729876995,200,0.2886647934922998,+0.620 -0.242 +0.746 -0.027
981,196200,89.95329548418522,200,0.038963263883355054,+0.092 +0.909 -0.330 +0.238
982,196400,6726.398685634136,200,0.2959384724591647,-0.345 -0.305 +0.026 -0.887
983,196600,-215.34876543283463,200,0.08410273994146096,-0.562 +0.174 -0.804 -0.090
984,196800,7620.798130750656,200,0.6241794644266997,-0.055 +0.483 +0.346 -0.803
985,197000,268.3202732503414,200,0.04040180647134232,+0.984 -0.010 -0.147 +0.105
986,197200,2821.1917758584023,200,0.12580765166409194,-0.066 -0.902 +0.423 +0.053
987,197400,5411.115794450045,200,0.4632151749135798,-0.808 -0.329 +0.072 -0.484
988,197600,6714.675117969513,200,0.4603356578812239,-0.294 +0.753 -0.042 -0.588
989,197800,19304.116667747498,200,0.5948642318565887,-0.363 +0.646 +0.656 -0.147
990,198000,-6.9778731018304825,200,0.049003227051653005,+0.213 +0.189 -0.943 -0.172
991,198200,-210.26827377080917,200,0.03935194932670634,+0.562 +0.700 -0.140 -0.418
992,198400,4639.814743310213,200,0.5246166392324859,+0.034 +0.610 -0.027 +0.791
993,198600,9650.64718773961,200,0.49887917932589226,-0.698 +0.054 +0.412 -0.583
994,198800,1558.6005963087082,200,0.14509976504964925,+0.172 -0.414 -0.063 +0.892
995,199000,-40.26711583137512,200,0.03581151444636917,+0.115 +0.428 -0.075 -0.893
996,199200,3754.0754255652428,200,0.49092875446735934,+0.547 +0.412 +0.351 +0.638
997,199400,7789.548453569412,200,0.3828968779000133,-0.316 -0.114 +0.255 -0.907
998,199600,41.47992378473282,200,0.04156811430348622,-0.492 +0.071 -0.312 -0.810
999,199800,-3.9277194440364838,200,0.03403099369084109,+0.892 +0.202 +0.391 +0.104
1000,200000,1248.2320858240128,200,0.09479069267617714,+0.936 -0.173 +0.234 -0.198
